date,action,symbol,strike,premium,contracts,dte,premium_received,commission,delta,close_cost,profit_pct,cost,qqq_delta_hedged,proceeds,pnl,shares
2020-01-06,SELL_PUT,QQQ,211.28634267441143,4.036016901988205,1.0,14.0,403.6016901988205,0.65,-0.3,,,,,,,
2020-01-09,CLOSE_PUT,QQQ,211.28634267441143,,1.0,,,0.65,,188.21354268316318,0.5336651276399603,,,,,
2020-01-13,SELL_PUT,QQQ,216.56951787951206,4.13693674448276,1.0,14.0,413.69367444827606,0.65,-0.3,,,,,,,
2020-01-17,BUY_SQQQ_CALL,SQQQ,1996.3819580078125,99.5328890531417,1.0,30.0,,0.65,,,,9953.28890531417,54.416598741507336,,,
2020-01-21,CLOSE_PUT,QQQ,216.56951787951206,,1.0,,,0.65,,199.117777807278,0.5186830495466673,,,,,
2020-01-27,SELL_SQQQ_CALL,SQQQ,1996.3819580078125,,1.0,,,0.65,,,,,,17649.780139782477,7696.491234468307,
2020-01-27,SELL_PUT,QQQ,213.7760111648096,4.083574846247208,1.0,14.0,408.35748462472077,0.65,-0.3,,,,,,,
2020-01-29,CLOSE_PUT,QQQ,213.7760111648096,,1.0,,,0.65,,188.70896715279494,0.5378829230319658,,,,,
2020-02-03,SELL_PUT,QQQ,218.0504166632543,4.2740786570603575,1.0,14.0,427.40786570603575,0.65,-0.3,,,,,,,
2020-02-04,CLOSE_PUT,QQQ,218.0504166632543,,1.0,,,0.65,,185.94317848378702,0.5649514353774768,,,,,
2020-02-10,SELL_PUT,QQQ,227.91424754479442,5.09789769885244,1.0,14.0,509.78976988524397,0.65,-0.3,,,,,,,
2020-02-14,BUY_SQQQ_CALL,SQQQ,1709.2593994140625,96.90784665542311,1.0,30.0,,0.65,,,,9690.78466554231,56.50785614861221,,,
2020-02-18,CLOSE_PUT,QQQ,227.91424754479442,,1.0,,,0.65,,246.2278898136689,0.5170011162266047,,,,,
2020-02-24,SELL_SQQQ_CALL,SQQQ,1709.2593994140625,,1.0,,,0.65,,,,,,32942.265941617894,23251.48127607558,
2020-02-24,SELL_PUT,QQQ,218.95561458185043,6.843637612929829,1.0,14.0,684.3637612929829,0.65,-0.3,,,,,,,
2020-03-02,SELL_PUT,QQQ,216.6031437746048,10.161645207584975,1.0,14.0,1016.1645207584975,0.65,-0.3,,,,,,,
2020-03-10,PUT_ASSIGNED,QQQ,218.95561458185043,,,,,1.0,,,,21895.561458185042,,,,100.0
2020-03-10,SELL_CALL,QQQ,186.4032002185649,17.466730606509852,1.0,30.0,1746.6730606509852,0.65,0.3,,,,,,,
2020-03-16,SELL_PUT,QQQ,178.26858203360607,19.372061821284248,1.0,14.0,1937.2061821284249,0.65,-0.3,,,,,,,
2020-03-17,PUT_ASSIGNED,QQQ,216.6031437746048,,,,,1.0,,,,21660.31437746048,,,,100.0
2020-03-17,SELL_CALL,QQQ,162.3407906186018,23.362960879221614,1.0,30.0,2336.2960879221614,0.65,0.3,,,,,,,
2020-03-23,SELL_PUT,QQQ,180.09086994780566,19.820266953806303,1.0,14.0,1982.0266953806304,0.65,-0.3,,,,,,,
2020-03-24,CLOSE_PUT,QQQ,178.26858203360607,,1.0,,,0.65,,747.4660739015075,0.6141525456623,,,,,
2020-03-26,CLOSE_PUT,QQQ,180.09086994780566,,1.0,,,0.65,,747.8391483709398,0.6226896690574977,,,,,
2020-03-30,SELL_PUT,QQQ,202.89005710523173,22.329477864503488,1.0,14.0,2232.9477864503488,0.65,-0.3,,,,,,,
2020-04-06,SELL_PUT,QQQ,207.58095804935977,22.8457445080786,1.0,14.0,2284.57445080786,0.65,-0.3,,,,,,,
2020-04-09,CALL_ASSIGNED,QQQ,186.4032002185649,,,,,1.0,,,,,,18640.32002185649,,100.0
2020-04-13,SELL_PUT,QQQ,213.0513954016706,21.783326145263377,1.0,14.0,2178.3326145263377,0.65,-0.3,,,,,,,
2020-04-13,PUT_ASSIGNED,QQQ,202.89005710523173,,,,,1.0,,,,20289.00571052317,,,,100.0
2020-04-13,SELL_CALL,QQQ,182.07357065494224,24.548488982397103,1.0,30.0,2454.8488982397103,0.65,0.3,,,,,,,
2020-04-14,CLOSE_PUT,QQQ,207.58095804935977,,1.0,,,0.65,,754.6456004918039,0.6696778254589384,,,,,
2020-04-16,CALL_ASSIGNED,QQQ,162.3407906186018,,,,,1.0,,,,,,16234.07906186018,,100.0
2020-04-17,CLOSE_PUT,QQQ,213.0513954016706,,1.0,,,0.65,,986.0821365963754,0.547322511713487,,,,,
2020-04-20,SELL_PUT,QQQ,217.1320540371425,14.983538726323717,1.0,14.0,1498.3538726323718,0.65,-0.3,,,,,,,
2020-04-27,SELL_PUT,QQQ,217.93919573466778,12.457786373356297,1.0,14.0,1245.7786373356298,0.65,-0.3,,,,,,,
2020-04-29,CLOSE_PUT,QQQ,217.1320540371425,,1.0,,,0.65,,725.761329083588,0.5156275547854796,,,,,
2020-05-04,SELL_PUT,QQQ,217.05943700008532,11.726787074902226,1.0,14.0,1172.6787074902227,0.65,-0.3,,,,,,,
2020-05-07,CLOSE_PUT,QQQ,217.93919573466778,,1.0,,,0.65,,469.10697517268824,0.6234427520960095,,,,,
2020-05-08,BUY_SQQQ_CALL,SQQQ,1106.0296630859375,120.67489298587375,1.0,30.0,,0.65,,,,12067.489298587376,46.24731165345679,,,
2020-05-08,CLOSE_PUT,QQQ,217.05943700008532,,1.0,,,0.65,,419.04440073686055,0.6426605189807675,,,,,
2020-05-11,SELL_SQQQ_CALL,SQQQ,1106.0296630859375,,1.0,,,0.65,,,,,,9933.106999197762,-2134.3822993896138,
2020-05-11,SELL_PUT,QQQ,226.8536944988478,9.744423557868247,1.0,14.0,974.4423557868247,0.65,-0.3,,,,,,,
2020-05-13,CALL_ASSIGNED,QQQ,182.07357065494224,,,,,1.0,,,,,,18207.357065494223,,100.0
2020-05-15,BUY_SQQQ_CALL,SQQQ,1122.66162109375,112.99532312226529,1.0,30.0,,0.65,,,,11299.532312226529,82.99377062220611,,,
2020-05-18,SELL_SQQQ_CALL,SQQQ,1122.66162109375,,1.0,,,0.65,,,,,,7630.423934639154,-3669.108377587375,
2020-05-18,SELL_PUT,QQQ,226.87059921029896,9.035057795047758,1.0,14.0,903.5057795047758,0.65,-0.3,,,,,,,
2020-05-20,CLOSE_PUT,QQQ,226.8536944988478,,1.0,,,0.65,,418.51750806359485,0.5705056275743904,,,,,
2020-05-22,BUY_SQQQ_CALL,SQQQ,1025.9879150390625,86.54578396828693,1.0,30.0,,0.65,,,,8654.578396828692,67.63983538486139,,,
2020-05-29,BUY_SQQQ_CALL,SQQQ,980.2496948242188,70.39490215017398,1.0,30.0,,0.65,,,,7039.4902150173975,57.90754832307571,,,
2020-05-29,CLOSE_PUT,QQQ,226.87059921029896,,1.0,,,0.65,,217.0895731831744,0.7597253076763225,,,,,
2020-06-01,SELL_SQQQ_CALL,SQQQ,1025.9879150390625,,1.0,,,0.65,,,,,,2299.9643657590805,-6354.614031069612,
2020-06-01,SELL_SQQQ_CALL,SQQQ,980.2496948242188,,1.0,,,0.65,,,,,,4683.892666793115,-2355.597548224283,
2020-06-01,SELL_PUT,QQQ,230.53080585965597,5.256005300785885,1.0,14.0,525.6005300785885,0.65,-0.3,,,,,,,
2020-06-05,BUY_SQQQ_CALL,SQQQ,898.1290893554688,54.39992322409856,1.0,30.0,,0.65,,,,5439.992322409856,39.712493244467,,,
2020-06-05,CLOSE_PUT,QQQ,230.53080585965597,,1.0,,,0.65,,195.60674434975235,0.6278414248925797,,,,,
2020-06-08,SELL_SQQQ_CALL,SQQQ,898.1290893554688,,1.0,,,0.65,,,,,,3988.0330527316096,-1451.959269678246,
2020-06-08,SELL_PUT,QQQ,238.01262002987693,5.569196767743967,1.0,14.0,556.9196767743966,0.65,-0.3,,,,,,,
2020-06-10,CLOSE_PUT,QQQ,238.01262002987693,,1.0,,,0.65,,232.02265893127475,0.583382184886843,,,,,
2020-06-15,SELL_PUT,QQQ,236.80763189675162,7.641757699884393,1.0,14.0,764.1757699884394,0.65,-0.3,,,,,,,
2020-06-19,BUY_SQQQ_CALL,SQQQ,831.60107421875,64.81414053535674,1.0,30.0,,0.65,,,,6481.414053535675,50.148940438967735,,,
2020-06-19,CLOSE_PUT,QQQ,236.80763189675162,,1.0,,,0.65,,360.2343934018802,0.5285974672982239,,,,,
2020-06-22,SELL_SQQQ_CALL,SQQQ,831.60107421875,,1.0,,,0.65,,,,,,4737.035149411495,-1744.3789041241798,
2020-06-22,SELL_PUT,QQQ,244.82392782588965,7.453684657290355,1.0,14.0,745.3684657290355,0.65,-0.3,,,,,,,
2020-06-26,BUY_SQQQ_CALL,SQQQ,862.7860717773438,76.93351385763812,1.0,30.0,,0.65,,,,7693.351385763812,87.0625022360985,,,
2020-06-29,SELL_SQQQ_CALL,SQQQ,862.7860717773438,,1.0,,,0.65,,,,,,5997.338493598027,-1696.0128921657852,
2020-06-29,SELL_PUT,QQQ,241.76359705984723,8.441644938060172,1.0,14.0,844.1644938060172,0.65,-0.3,,,,,,,
2020-07-01,CLOSE_PUT,QQQ,241.76359705984723,,1.0,,,0.65,,405.3546557693391,0.5198155587642062,,,,,
2020-07-02,CLOSE_PUT,QQQ,244.82392782588965,,1.0,,,0.65,,279.8711747813235,0.6245197004576991,,,,,
2020-07-06,SELL_PUT,QQQ,257.52989238133733,9.37030762706349,1.0,14.0,937.0307627063489,0.65,-0.3,,,,,,,
2020-07-10,BUY_SQQQ_CALL,SQQQ,642.4119262695312,41.60361902216117,1.0,30.0,,0.65,,,,4160.3619022161165,56.12879294368046,,,
2020-07-10,CLOSE_PUT,QQQ,257.52989238133733,,1.0,,,0.65,,391.7668180579862,0.5819061298196034,,,,,
2020-07-13,SELL_SQQQ_CALL,SQQQ,642.4119262695312,,1.0,,,0.65,,,,,,6808.296637476458,2647.9347352603418,
2020-07-13,SELL_PUT,QQQ,256.1256799740645,7.252137732465393,1.0,14.0,725.2137732465393,0.65,-0.3,,,,,,,
2020-07-17,BUY_SQQQ_CALL,SQQQ,676.7154541015625,48.445182224456154,1.0,30.0,,0.65,,,,4844.518222445616,68.59560112848963,,,
2020-07-20,SELL_SQQQ_CALL,SQQQ,676.7154541015625,,1.0,,,0.65,,,,,,2386.827606542456,-2457.6906159031596,
2020-07-20,SELL_PUT,QQQ,264.6769145050636,8.015977271715204,1.0,14.0,801.5977271715204,0.65,-0.3,,,,,,,
2020-07-20,CLOSE_PUT,QQQ,256.1256799740645,,1.0,,,0.65,,202.14166133951926,0.7212661027732571,,,,,
2020-07-24,BUY_SQQQ_CALL,SQQQ,698.544921875,58.485892479627914,1.0,30.0,,0.65,,,,5848.589247962791,94.74088192277515,,,
2020-07-27,SELL_SQQQ_CALL,SQQQ,698.544921875,,1.0,,,0.65,,,,,,3377.2732608637248,-2471.315987099066,
2020-07-27,SELL_PUT,QQQ,258.0794868312598,7.829768725726536,1.0,14.0,782.9768725726536,0.65,-0.3,,,,,,,
2020-07-31,BUY_SQQQ_CALL,SQQQ,616.42431640625,49.32196348286367,1.0,30.0,,0.65,,,,4932.1963482863675,139.2042127371838,,,
2020-08-03,SELL_SQQQ_CALL,SQQQ,616.42431640625,,1.0,,,0.65,,,,,,3278.5108262035337,-1653.6855220828338,
2020-08-03,SELL_PUT,QQQ,267.0827711107225,7.856046098522829,1.0,14.0,785.6046098522829,0.65,-0.3,,,,,,,
2020-08-03,PUT_ASSIGNED,QQQ,264.6769145050636,,,,,1.0,,,,26467.69145050636,,,,100.0
2020-08-03,SELL_CALL,QQQ,254.54779591829546,10.641254089459487,1.0,30.0,1064.1254089459487,0.65,0.3,,,,,,,
2020-08-03,CLOSE_PUT,QQQ,258.0794868312598,,1.0,,,0.65,,176.13476284746892,0.7750447439542666,,,,,
2020-08-07,BUY_SQQQ_CALL,SQQQ,575.8837280273438,44.24010209474435,1.0,30.0,,0.65,,,,4424.010209474435,90.43025998194884,,,
2020-08-10,SELL_SQQQ_CALL,SQQQ,575.8837280273438,,1.0,,,0.65,,,,,,4393.029807586138,-30.98040188829691,
2020-08-10,SELL_PUT,QQQ,267.64428859041897,7.38789471688472,1.0,14.0,738.789471688472,0.65,-0.3,,,,,,,
2020-08-14,BUY_SQQQ_CALL,SQQQ,569.646728515625,46.27440535781777,1.0,30.0,,0.65,,,,4627.440535781777,156.4444794001561,,,
2020-08-17,SELL_SQQQ_CALL,SQQQ,569.646728515625,,1.0,,,0.65,,,,,,3013.360621203712,-1614.0799145780647,
2020-08-17,SELL_PUT,QQQ,272.84552645853637,7.855540380994335,1.0,14.0,785.5540380994336,0.65,-0.3,,,,,,,
2020-08-17,PUT_ASSIGNED,QQQ,267.0827711107225,,,,,1.0,,,,26708.27711107225,,,,100.0
2020-08-17,SELL_CALL,QQQ,260.3015856877519,10.657829761094373,1.0,30.0,1065.7829761094372,0.65,0.3,,,,,,,
2020-08-17,CLOSE_PUT,QQQ,267.64428859041897,,1.0,,,0.65,,342.0882863215872,0.5369610701953306,,,,,
2020-08-21,BUY_SQQQ_CALL,SQQQ,510.18731689453125,32.58266990799801,1.0,30.0,,0.65,,,,3258.266990799801,61.84339213571258,,,
2020-08-21,CLOSE_PUT,QQQ,272.84552645853637,,1.0,,,0.65,,295.0074774061657,0.6244593457632709,,,,,
2020-08-24,SELL_SQQQ_CALL,SQQQ,510.18731689453125,,1.0,,,0.65,,,,,,2483.3427529953797,-774.9242378044214,
2020-08-24,SELL_PUT,QQQ,280.005199066367,6.609933840815146,1.0,14.0,660.9933840815146,0.65,-0.3,,,,,,,
2020-08-26,CLOSE_PUT,QQQ,280.005199066367,,1.0,,,0.65,,208.57594397135043,0.6844507842371558,,,,,
2020-08-31,SELL_PUT,QQQ,290.8428610435526,6.500222179504913,1.0,14.0,650.0222179504913,0.65,-0.3,,,,,,,
2020-09-02,CLOSE_PUT,QQQ,290.8428610435526,,1.0,,,0.65,,234.30193634241064,0.6395478033333067,,,,,
2020-09-02,CALL_ASSIGNED,QQQ,254.54779591829546,,,,,1.0,,,,,,25454.779591829545,,100.0
2020-09-14,SELL_PUT,QQQ,275.9644404394568,12.304697863737017,1.0,14.0,1230.4697863737017,0.65,-0.3,,,,,,,
2020-09-16,CALL_ASSIGNED,QQQ,260.3015856877519,,,,,1.0,,,,,,26030.158568775194,,100.0
2020-09-18,BUY_SQQQ_CALL,SQQQ,571.31005859375,65.87840174700882,1.0,30.0,,0.65,,,,6587.840174700882,86.71891203781237,,,
2020-09-21,SELL_SQQQ_CALL,SQQQ,571.31005859375,,1.0,,,0.65,,,,,,5815.66047931447,-772.1796953864123,
2020-09-21,SELL_PUT,QQQ,268.4340403517566,12.15343240755,1.0,14.0,1215.343240755,0.65,-0.3,,,,,,,
2020-09-25,BUY_SQQQ_CALL,SQQQ,532.848388671875,65.50707786915183,1.0,30.0,,0.65,,,,6550.707786915183,153.25849635102108,,,
2020-09-28,SELL_SQQQ_CALL,SQQQ,532.848388671875,,1.0,,,0.65,,,,,,4665.484909527634,-1885.2228773875486,
2020-09-28,SELL_PUT,QQQ,279.09502020132237,13.850065115737268,1.0,14.0,1385.0065115737268,0.65,-0.3,,,,,,,
2020-09-28,PUT_ASSIGNED,QQQ,275.9644404394568,,,,,1.0,,,,27596.444043945678,,,,100.0
2020-09-28,SELL_CALL,QQQ,257.6453332603233,17.80823392418725,1.0,30.0,1780.8233924187248,0.65,0.3,,,,,,,
2020-09-28,CLOSE_PUT,QQQ,268.4340403517566,,1.0,,,0.65,,517.9323971957501,0.5738385833503313,,,,,
2020-10-02,BUY_SQQQ_CALL,SQQQ,511.6426696777344,57.87710969375167,1.0,30.0,,0.65,,,,5787.710969375167,113.4116728783682,,,
2020-10-05,SELL_SQQQ_CALL,SQQQ,511.6426696777344,,1.0,,,0.65,,,,,,3960.4706846251142,-1827.240284750053,
2020-10-05,SELL_PUT,QQQ,281.22266174906065,12.855583660472059,1.0,14.0,1285.558366047206,0.65,-0.3,,,,,,,
2020-10-09,BUY_SQQQ_CALL,SQQQ,449.4803771972656,42.655800171529165,1.0,30.0,,0.65,,,,4265.580017152916,133.17957930312423,,,
2020-10-09,CLOSE_PUT,QQQ,279.09502020132237,,1.0,,,0.65,,384.34998380181906,0.7224922911264166,,,,,
2020-10-12,SELL_SQQQ_CALL,SQQQ,449.4803771972656,,1.0,,,0.65,,,,,,2291.145173899853,-1974.4348432530633,
2020-10-12,SELL_PUT,QQQ,294.1172150325154,11.451173377397764,1.0,14.0,1145.1173377397763,0.65,-0.3,,,,,,,
2020-10-12,CLOSE_PUT,QQQ,281.22266174906065,,1.0,,,0.65,,260.1916452126832,0.7976041756760431,,,,,
2020-10-16,BUY_SQQQ_CALL,SQQQ,433.26422119140625,40.23602295039359,1.0,30.0,,0.65,,,,4023.602295039359,90.20938036514431,,,
2020-10-19,SELL_SQQQ_CALL,SQQQ,433.26422119140625,,1.0,,,0.65,,,,,,5185.917642238283,1162.3153471989244,
2020-10-19,SELL_PUT,QQQ,283.1311412119397,10.666388466487142,1.0,14.0,1066.6388466487142,0.65,-0.3,,,,,,,
2020-10-23,BUY_SQQQ_CALL,SQQQ,449.0645446777344,36.04006643728922,1.0,30.0,,0.65,,,,3604.006643728922,173.23176706259775,,,
2020-10-26,SELL_SQQQ_CALL,SQQQ,449.0645446777344,,1.0,,,0.65,,,,,,4584.622316673673,980.6156729447507,
2020-10-26,SELL_PUT,QQQ,278.4314556332324,8.66358740541535,1.0,14.0,866.3587405415351,0.65,-0.3,,,,,,,
2020-10-26,PUT_ASSIGNED,QQQ,294.1172150325154,,,,,1.0,,,,29411.721503251538,,,,100.0
2020-10-26,SELL_CALL,QQQ,264.6383596137132,11.683327556246319,1.0,30.0,1168.3327556246318,0.65,0.3,,,,,,,
2020-10-28,CALL_ASSIGNED,QQQ,257.6453332603233,,,,,1.0,,,,,,25764.53332603233,,100.0
2020-10-30,BUY_SQQQ_CALL,SQQQ,520.3744506835938,47.97998486509365,1.0,30.0,,0.65,,,,4797.998486509365,246.65580473991184,,,
2020-11-02,SELL_SQQQ_CALL,SQQQ,520.3744506835938,,1.0,,,0.65,,,,,,4252.881437789566,-545.1170487197987,
2020-11-02,SELL_PUT,QQQ,268.70293841975155,9.27564902000898,1.0,14.0,927.5649020008981,0.65,-0.3,,,,,,,
2020-11-02,PUT_ASSIGNED,QQQ,283.1311412119397,,,,,1.0,,,,28313.11412119397,,,,100.0
2020-11-02,SELL_CALL,QQQ,254.00406100444582,12.398819970155198,1.0,30.0,1239.8819970155198,0.65,0.3,,,,,,,
2020-11-04,CLOSE_PUT,QQQ,278.4314556332324,,1.0,,,0.65,,389.63749217313716,0.5502584853826414,,,,,
2020-11-04,CLOSE_PUT,QQQ,268.70293841975155,,1.0,,,0.65,,223.85627190980338,0.7586624165846384,,,,,
2020-11-09,SELL_PUT,QQQ,288.3710959193542,11.471568114173362,1.0,14.0,1147.1568114173363,0.65,-0.3,,,,,,,
2020-11-13,BUY_SQQQ_CALL,SQQQ,403.1186828613281,43.05811402151179,1.0,30.0,,0.65,,,,4305.811402151179,83.28399737609965,,,
2020-11-16,SELL_SQQQ_CALL,SQQQ,403.1186828613281,,1.0,,,0.65,,,,,,3522.967304214432,-782.8440979367474,
2020-11-16,SELL_PUT,QQQ,293.3277217558691,12.12816708145966,1.0,14.0,1212.816708145966,0.65,-0.3,,,,,,,
2020-11-20,BUY_SQQQ_CALL,SQQQ,404.7818603515625,43.085239829659145,1.0,30.0,,0.65,,,,4308.523982965915,163.94204996522183,,,
2020-11-23,SELL_SQQQ_CALL,SQQQ,404.7818603515625,,1.0,,,0.65,,,,,,3997.5891032812237,-310.93487968469117,
2020-11-23,SELL_PUT,QQQ,290.4708630038036,11.950312677228421,1.0,14.0,1195.0312677228421,0.65,-0.3,,,,,,,
2020-11-23,PUT_ASSIGNED,QQQ,288.3710959193542,,,,,1.0,,,,28837.109591935423,,,,100.0
2020-11-23,SELL_CALL,QQQ,271.7170528085027,15.703434480630914,1.0,30.0,1570.3434480630915,0.65,0.3,,,,,,,
2020-11-25,CALL_ASSIGNED,QQQ,264.6383596137132,,,,,1.0,,,,,,26463.83596137132,,100.0
2020-11-27,BUY_SQQQ_CALL,SQQQ,370.0624694824219,33.16347463721062,1.0,30.0,,0.65,,,,3316.347463721062,133.94467544486588,,,
2020-11-27,CLOSE_PUT,QQQ,293.3277217558691,,1.0,,,0.65,,469.7712584831414,0.612660960780066,,,,,
2020-11-27,CLOSE_PUT,QQQ,290.4708630038036,,1.0,,,0.65,,517.1424873545733,0.567256103398868,,,,,
2020-11-30,SELL_SQQQ_CALL,SQQQ,370.0624694824219,,1.0,,,0.65,,,,,,2776.0474884169103,-540.2999753041518,
2020-11-30,SELL_PUT,QQQ,297.65340620425826,9.54421079443375,1.0,14.0,954.421079443375,0.65,-0.3,,,,,,,
2020-12-02,CALL_ASSIGNED,QQQ,254.00406100444582,,,,,1.0,,,,,,25400.406100444583,,100.0
2020-12-04,BUY_SQQQ_CALL,SQQQ,345.9460754394531,19.55998148894178,1.0,30.0,,0.65,,,,1955.998148894178,56.09422719925206,,,
2020-12-04,CLOSE_PUT,QQQ,297.65340620425826,,1.0,,,0.65,,381.30554248399136,0.6004849948343854,,,,,
2020-12-07,SELL_SQQQ_CALL,SQQQ,345.9460754394531,,1.0,,,0.65,,,,,,1565.571658478535,-390.426490415643,
2020-12-07,SELL_PUT,QQQ,302.95393383594876,6.64875862567812,1.0,14.0,664.875862567812,0.65,-0.3,,,,,,,
2020-12-11,BUY_SQQQ_CALL,SQQQ,357.58843994140625,16.296779517105815,1.0,30.0,,0.65,,,,1629.6779517105815,93.93624784091759,,,
2020-12-14,SELL_SQQQ_CALL,SQQQ,357.58843994140625,,1.0,,,0.65,,,,,,1153.871157041374,-475.8067946692074,
2020-12-14,SELL_PUT,QQQ,298.7942599799634,5.195661958966591,1.0,14.0,519.5661958966591,0.65,-0.3,,,,,,,
2020-12-16,CLOSE_PUT,QQQ,298.7942599799634,,1.0,,,0.65,,231.63713819151664,0.5541720380946629,,,,,
2020-12-17,CLOSE_PUT,QQQ,302.95393383594876,,1.0,,,0.65,,228.20156553388324,0.656775680421684,,,,,
2020-12-21,SELL_PUT,QQQ,303.9210161825095,4.9821978610505795,1.0,14.0,498.21978610505795,0.65,-0.3,,,,,,,
2020-12-23,CALL_ASSIGNED,QQQ,271.7170528085027,,,,,1.0,,,,,,27171.705280850267,,100.0
2020-12-28,SELL_PUT,QQQ,307.5048307129157,4.881543938644025,1.0,14.0,488.15439386440255,0.65,-0.3,,,,,,,
2020-12-28,CLOSE_PUT,QQQ,303.9210161825095,,1.0,,,0.65,,198.14400141180852,0.6022960008055028,,,,,
2021-01-04,SELL_PUT,QQQ,304.3956621165773,5.115714338014388,1.0,14.0,511.5714338014388,0.65,-0.3,,,,,,,
2021-01-08,BUY_SQQQ_CALL,SQQQ,298.1289367675781,14.609197215636234,1.0,30.0,,0.65,,,,1460.9197215636234,46.01227884546772,,,
2021-01-08,CLOSE_PUT,QQQ,307.5048307129157,,1.0,,,0.65,,60.5211865616947,0.8760203998522115,,,,,
2021-01-08,CLOSE_PUT,QQQ,304.3956621165773,,1.0,,,0.65,,83.15819251059474,0.8374455901639111,,,,,
2021-01-11,SELL_SQQQ_CALL,SQQQ,298.1289367675781,,1.0,,,0.65,,,,,,2278.2463245858744,817.326603022251,
2021-01-11,SELL_PUT,QQQ,310.24049505130705,6.337158040985054,1.0,14.0,633.7158040985054,0.65,-0.3,,,,,,,
2021-01-15,BUY_SQQQ_CALL,SQQQ,318.5032653808594,17.079903928880903,1.0,30.0,,0.65,,,,1707.9903928880904,81.43581547347706,,,
2021-01-20,CLOSE_PUT,QQQ,310.24049505130705,,1.0,,,0.65,,94.82863390608503,0.8503609452489767,,,,,
2021-01-25,SELL_SQQQ_CALL,SQQQ,318.5032653808594,,1.0,,,0.65,,,,,,174.0904580177605,-1533.8999348703298,
2021-01-25,SELL_PUT,QQQ,324.5555991212466,7.731897600746376,1.0,14.0,773.1897600746377,0.65,-0.3,,,,,,,
2021-01-29,BUY_SQQQ_CALL,SQQQ,305.82135009765625,23.406044496784013,1.0,30.0,,0.65,,,,2340.604449678401,94.52543351353417,,,
2021-02-01,SELL_SQQQ_CALL,SQQQ,305.82135009765625,,1.0,,,0.65,,,,,,1324.2924253992835,-1016.3120242791176,
2021-02-01,SELL_PUT,QQQ,320.89317120678646,10.300998927266274,1.0,14.0,1030.0998927266273,0.65,-0.3,,,,,,,
2021-02-04,CLOSE_PUT,QQQ,320.89317120678646,,1.0,,,0.65,,504.13291484992106,0.5105980318903789,,,,,
2021-02-05,BUY_SQQQ_CALL,SQQQ,260.08319091796875,19.35918794700954,1.0,30.0,,0.65,,,,1935.918794700954,65.01038742338126,,,
2021-02-08,SELL_SQQQ_CALL,SQQQ,260.08319091796875,,1.0,,,0.65,,,,,,1547.664029219126,-388.25476548182814,
2021-02-08,SELL_PUT,QQQ,331.21774936363397,9.585337310988383,1.0,14.0,958.5337310988383,0.65,-0.3,,,,,,,
2021-02-08,PUT_ASSIGNED,QQQ,324.5555991212466,,,,,1.0,,,,32455.55991212466,,,,100.0
2021-02-08,SELL_CALL,QQQ,315.91444357818284,12.999668992045027,1.0,30.0,1299.9668992045026,0.65,0.3,,,,,,,
2021-02-12,BUY_SQQQ_CALL,SQQQ,248.64871215820312,17.364633689150924,1.0,30.0,,0.65,,,,1736.4633689150924,88.56872384776025,,,
2021-02-19,BUY_SQQQ_CALL,SQQQ,260.7070007324219,16.393257270249908,1.0,30.0,,0.65,,,,1639.3257270249908,127.68089875816491,,,
2021-02-22,SELL_SQQQ_CALL,SQQQ,248.64871215820312,,1.0,,,0.65,,,,,,3678.7728063106124,1942.30943739552,
2021-02-22,SELL_SQQQ_CALL,SQQQ,260.7070007324219,,1.0,,,0.65,,,,,,3024.465721333876,1385.1399943088852,
2021-02-22,SELL_PUT,QQQ,319.8903416708539,8.899323788666296,1.0,14.0,889.9323788666296,0.65,-0.3,,,,,,,
2021-02-22,PUT_ASSIGNED,QQQ,331.21774936363397,,,,,1.0,,,,33121.7749363634,,,,100.0
2021-02-22,SELL_CALL,QQQ,305.66283856354875,12.104524915139235,1.0,30.0,1210.4524915139234,0.65,0.3,,,,,,,
2021-02-26,BUY_SQQQ_CALL,SQQQ,301.0395812988281,22.886904279374303,1.0,30.0,,0.65,,,,2288.6904279374303,217.89122676428175,,,
2021-03-01,SELL_SQQQ_CALL,SQQQ,301.0395812988281,,1.0,,,0.65,,,,,,1099.7118516237917,-1188.9785763136385,
2021-03-01,SELL_PUT,QQQ,321.86164424857515,10.070348249810307,1.0,14.0,1007.0348249810306,0.65,-0.3,,,,,,,
2021-03-05,BUY_SQQQ_CALL,SQQQ,312.6820068359375,26.340519483030032,2.0,30.0,,1.3,,,,5268.103896606007,353.50316057722597,,,
2021-03-08,SELL_SQQQ_CALL,SQQQ,312.6820068359375,,2.0,,,1.3,,,,,,8586.417432101247,3318.31353549524,
2021-03-08,SELL_PUT,QQQ,299.09389237741556,10.366689196651855,1.0,14.0,1036.6689196651855,0.65,-0.3,,,,,,,
2021-03-08,PUT_ASSIGNED,QQQ,319.8903416708539,,,,,1.0,,,,31989.03416708539,,,,100.0
2021-03-08,SELL_CALL,QQQ,282.66932673898935,13.852192124889612,1.0,30.0,1385.2192124889611,0.65,0.3,,,,,,,
2021-03-09,CLOSE_PUT,QQQ,299.09389237741556,,1.0,,,0.65,,494.9193370703168,0.5225868860521432,,,,,
2021-03-12,BUY_SQQQ_CALL,SQQQ,287.31817626953125,31.05130139726017,1.0,30.0,,0.65,,,,3105.1301397260168,257.15938321167,,,
2021-03-15,SELL_SQQQ_CALL,SQQQ,287.31817626953125,,1.0,,,0.65,,,,,,2537.2891718774717,-567.840967848545,
2021-03-16,PUT_ASSIGNED,QQQ,321.86164424857515,,,,,1.0,,,,32186.164424857514,,,,100.0
2021-03-16,SELL_CALL,QQQ,300.1171302076848,17.999315107542014,1.0,30.0,1799.9315107542013,0.65,0.3,,,,,,,
2021-04-08,CALL_ASSIGNED,QQQ,282.66932673898935,,,,,1.0,,,,,,28266.932673898937,,100.0
2021-04-15,CALL_ASSIGNED,QQQ,300.1171302076848,,,,,1.0,,,,,,30011.71302076848,,100.0
2021-04-19,SELL_PUT,QQQ,335.470188912275,7.771609307435132,1.0,14.0,777.1609307435132,0.65,-0.3,,,,,,,
2021-04-23,BUY_SQQQ_CALL,SQQQ,223.90859985351562,12.646666404454098,1.0,30.0,,0.65,,,,1264.66664044541,271.06761809064216,,,
2021-04-26,SELL_SQQQ_CALL,SQQQ,223.90859985351562,,1.0,,,0.65,,,,,,937.5990714690852,-327.06756897632476,
2021-04-26,SELL_PUT,QQQ,337.6663580956018,7.105146108948916,1.0,14.0,710.5146108948916,0.65,-0.3,,,,,,,
2021-04-30,BUY_SQQQ_CALL,SQQQ,226.4033660888672,11.64398609944515,2.0,30.0,,1.3,,,,2328.79721988903,378.60750660094106,,,
2021-05-03,SELL_SQQQ_CALL,SQQQ,226.4033660888672,,2.0,,,1.3,,,,,,2404.746441007621,75.94922111859069,
2021-05-03,PUT_ASSIGNED,QQQ,335.470188912275,,,,,1.0,,,,33547.0188912275,,,,100.0
2021-05-03,SELL_CALL,QQQ,322.0117763361709,8.210964852831182,1.0,30.0,821.0964852831182,0.65,0.3,,,,,,,
2021-05-07,BUY_SQQQ_CALL,SQQQ,233.4720001220703,12.136219406858249,2.0,30.0,,1.3,,,,2427.24388137165,337.8847186607938,,,
2021-05-10,SELL_SQQQ_CALL,SQQQ,233.4720001220703,,2.0,,,1.3,,,,,,4902.988353018793,2475.7444716471427,
2021-05-10,PUT_ASSIGNED,QQQ,337.6663580956018,,,,,1.0,,,,33766.63580956018,,,,100.0
2021-05-10,SELL_CALL,QQQ,310.50959851105205,10.239218681156762,1.0,30.0,1023.9218681156763,0.65,0.3,,,,,,,
2021-06-02,CALL_ASSIGNED,QQQ,322.0117763361709,,,,,1.0,,,,,,32201.177633617088,,100.0
2021-06-09,CALL_ASSIGNED,QQQ,310.50959851105205,,,,,1.0,,,,,,31050.959851105206,,100.0
2021-06-14,SELL_PUT,QQQ,339.63359089372443,5.940904445094017,1.0,14.0,594.0904445094018,0.65,-0.3,,,,,,,
2021-06-18,BUY_SQQQ_CALL,SQQQ,211.6425018310547,9.281868355719674,1.0,30.0,,0.65,,,,928.1868355719673,280.75777665763843,,,
2021-06-21,SELL_SQQQ_CALL,SQQQ,211.6425018310547,,1.0,,,0.65,,,,,,678.1817293886309,-250.00510618333647,
2021-06-21,SELL_PUT,QQQ,339.5936226625049,5.545871653261961,1.0,14.0,554.5871653261961,0.65,-0.3,,,,,,,
2021-06-22,CLOSE_PUT,QQQ,339.63359089372443,,1.0,,,0.65,,248.79465516945882,0.5812175444516486,,,,,
2021-06-24,CLOSE_PUT,QQQ,339.5936226625049,,1.0,,,0.65,,203.65922135484408,0.632773287793171,,,,,
2021-06-28,SELL_PUT,QQQ,348.66587169134715,5.488990841980682,1.0,14.0,548.8990841980682,0.65,-0.3,,,,,,,
2021-07-02,BUY_SQQQ_CALL,SQQQ,183.36802673339844,6.43637006241646,1.0,30.0,,0.65,,,,643.637006241646,243.8038367369548,,,
2021-07-02,CLOSE_PUT,QQQ,348.66587169134715,,1.0,,,0.65,,190.25588172571085,0.6533864107212507,,,,,
2021-07-12,SELL_SQQQ_CALL,SQQQ,183.36802673339844,,1.0,,,0.65,,,,,,280.2428381934492,-363.3941680481968,
2021-07-12,SELL_PUT,QQQ,356.64102794201403,4.768101206776705,1.0,14.0,476.81012067767045,0.65,-0.3,,,,,,,
2021-07-16,BUY_SQQQ_CALL,SQQQ,184.61544799804688,6.480155585040196,1.0,30.0,,0.65,,,,648.0155585040196,291.71015758791344,,,
2021-07-19,SELL_SQQQ_CALL,SQQQ,184.61544799804688,,1.0,,,0.65,,,,,,880.581959914119,232.5664014100994,
2021-07-23,BUY_SQQQ_CALL,SQQQ,168.81504821777344,6.1709228854794125,1.0,30.0,,0.65,,,,617.0922885479413,227.2068530268059,,,
2021-07-23,CLOSE_PUT,QQQ,356.64102794201403,,1.0,,,0.65,,57.48671834329673,0.879434777387709,,,,,
2021-07-26,SELL_SQQQ_CALL,SQQQ,168.81504821777344,,1.0,,,0.65,,,,,,560.5469156810419,-56.545372866899356,
2021-07-26,SELL_PUT,QQQ,362.77884276438067,5.079052351227988,1.0,14.0,507.9052351227988,0.65,-0.3,,,,,,,
2021-07-30,BUY_SQQQ_CALL,SQQQ,173.3888397216797,6.693478964843459,1.0,30.0,,0.65,,,,669.3478964843459,286.920992031793,,,
2021-08-02,SELL_SQQQ_CALL,SQQQ,173.3888397216797,,1.0,,,0.65,,,,,,596.2363211912506,-73.11157529309537,
2021-08-06,BUY_SQQQ_CALL,SQQQ,168.3992462158203,6.063585721441145,1.0,30.0,,0.65,,,,606.3585721441145,289.1398859627116,,,
2021-08-09,SELL_SQQQ_CALL,SQQQ,168.3992462158203,,1.0,,,0.65,,,,,,540.2998049798975,-66.05876716421699,
2021-08-09,PUT_ASSIGNED,QQQ,362.77884276438067,,,,,1.0,,,,36277.88427643807,,,,100.0
2021-08-09,SELL_CALL,QQQ,354.8673936617691,7.110122594191718,1.0,30.0,711.0122594191718,0.65,0.3,,,,,,,
2021-09-08,CALL_ASSIGNED,QQQ,354.8673936617691,,,,,1.0,,,,,,35486.73936617691,,100.0
2021-09-13,SELL_PUT,QQQ,370.59915035685015,5.329984751808691,1.0,14.0,532.9984751808691,0.65,-0.3,,,,,,,
2021-09-17,BUY_SQQQ_CALL,SQQQ,159.66741943359375,6.05252198231552,1.0,30.0,,0.65,,,,605.252198231552,282.98800534361055,,,
2021-09-20,SELL_SQQQ_CALL,SQQQ,159.66741943359375,,1.0,,,0.65,,,,,,1296.1684391505962,690.9162409190442,
2021-09-24,BUY_SQQQ_CALL,SQQQ,158.83580017089844,6.856566037596658,1.0,30.0,,0.65,,,,685.6566037596658,294.45393907104665,,,
2021-09-27,SELL_SQQQ_CALL,SQQQ,158.83580017089844,,1.0,,,0.65,,,,,,869.3076469335361,183.65104317387033,
2021-09-27,PUT_ASSIGNED,QQQ,370.59915035685015,,,,,1.0,,,,37059.915035685015,,,,100.0
2021-09-27,SELL_CALL,QQQ,356.098464452231,8.225155872562715,1.0,30.0,822.5155872562715,0.65,0.3,,,,,,,
2021-10-27,CALL_ASSIGNED,QQQ,356.098464452231,,,,,1.0,,,,,,35609.8464452231,,100.0
2021-12-06,SELL_PUT,QQQ,383.4667748307944,9.270976241566142,1.0,14.0,927.0976241566142,0.65,-0.3,,,,,,,
2021-12-07,CLOSE_PUT,QQQ,383.4667748307944,,1.0,,,0.65,,408.1588515157585,0.5597455533476716,,,,,
2022-01-10,SELL_PUT,QQQ,379.69858889863224,11.60888359276764,1.0,14.0,1160.888359276764,0.65,-0.3,,,,,,,
2022-01-14,BUY_SQQQ_CALL,SQQQ,139.29318237304688,10.248804820996327,1.0,30.0,,0.65,,,,1024.8804820996327,273.4203327913107,,,
2022-01-21,BUY_SQQQ_CALL,SQQQ,173.7630615234375,13.26695980250128,1.0,30.0,,0.65,,,,1326.695980250128,299.9999708937341,,,
2022-01-24,SELL_SQQQ_CALL,SQQQ,139.29318237304688,,1.0,,,0.65,,,,,,3338.8994120255566,2314.0189299259237,
2022-01-24,SELL_SQQQ_CALL,SQQQ,173.7630615234375,,1.0,,,0.65,,,,,,1131.1506730414203,-195.54530720870775,
2022-01-24,PUT_ASSIGNED,QQQ,379.69858889863224,,,,,1.0,,,,37969.85888986322,,,,100.0
2022-01-24,SELL_CALL,QQQ,336.0530860937169,14.065142930090161,1.0,30.0,1406.514293009016,0.65,0.3,,,,,,,
