Date,Portfolio_Value
2020-01-02 00:00:00-05:00,1000000.0
2020-01-03 00:00:00-05:00,1000000.0
2020-01-06 00:00:00-05:00,1000000.0
2020-01-07 00:00:00-05:00,1000000.0
2020-01-08 00:00:00-05:00,1000000.0
2020-01-09 00:00:00-05:00,1000000.0
2020-01-10 00:00:00-05:00,1000000.0
2020-01-13 00:00:00-05:00,1000000.0
2020-01-14 00:00:00-05:00,1000000.0
2020-01-15 00:00:00-05:00,1000000.0
2020-01-16 00:00:00-05:00,1000000.0
2020-01-17 00:00:00-05:00,1000000.0
2020-01-21 00:00:00-05:00,1000000.0
2020-01-22 00:00:00-05:00,1000000.0
2020-01-23 00:00:00-05:00,1000000.0
2020-01-24 00:00:00-05:00,1000000.0
2020-01-27 00:00:00-05:00,1000000.0
2020-01-28 00:00:00-05:00,1000000.0
2020-01-29 00:00:00-05:00,1000000.0
2020-01-30 00:00:00-05:00,1000000.0
2020-01-31 00:00:00-05:00,1000000.0
2020-02-03 00:00:00-05:00,1000000.0
2020-02-04 00:00:00-05:00,1000000.0
2020-02-05 00:00:00-05:00,1000000.0
2020-02-06 00:00:00-05:00,1000000.0
2020-02-07 00:00:00-05:00,1000000.0
2020-02-10 00:00:00-05:00,1000000.0
2020-02-11 00:00:00-05:00,1000000.0
2020-02-12 00:00:00-05:00,1000000.0
2020-02-13 00:00:00-05:00,1000000.0
2020-02-14 00:00:00-05:00,1000000.0
2020-02-18 00:00:00-05:00,1000000.0
2020-02-19 00:00:00-05:00,1000000.0
2020-02-20 00:00:00-05:00,1000000.0
2020-02-21 00:00:00-05:00,1000000.0
2020-02-24 00:00:00-05:00,1000000.0
2020-02-25 00:00:00-05:00,1000000.0
2020-02-26 00:00:00-05:00,1000000.0
2020-02-27 00:00:00-05:00,1000000.0
2020-02-28 00:00:00-05:00,1000000.0
2020-03-02 00:00:00-05:00,1000000.0
2020-03-03 00:00:00-05:00,1000000.0
2020-03-04 00:00:00-05:00,1000000.0
2020-03-05 00:00:00-05:00,1000000.0
2020-03-06 00:00:00-05:00,1000000.0
2020-03-09 00:00:00-04:00,1000000.0
2020-03-10 00:00:00-04:00,1000000.0
2020-03-11 00:00:00-04:00,1000000.0
2020-03-12 00:00:00-04:00,1000000.0
2020-03-13 00:00:00-04:00,1000000.0
2020-03-16 00:00:00-04:00,1000000.0
2020-03-17 00:00:00-04:00,1000000.0
2020-03-18 00:00:00-04:00,1000000.0
2020-03-19 00:00:00-04:00,1000000.0
2020-03-20 00:00:00-04:00,1000000.0
2020-03-23 00:00:00-04:00,1000000.0
2020-03-24 00:00:00-04:00,1000000.0
2020-03-25 00:00:00-04:00,1000000.0
2020-03-26 00:00:00-04:00,1000000.0
2020-03-27 00:00:00-04:00,1000000.0
2020-03-30 00:00:00-04:00,1000000.0
2020-03-31 00:00:00-04:00,1000000.0
2020-04-01 00:00:00-04:00,1000000.0
2020-04-02 00:00:00-04:00,1000000.0
2020-04-03 00:00:00-04:00,1000000.0
2020-04-06 00:00:00-04:00,1000000.0
2020-04-07 00:00:00-04:00,1000000.0
2020-04-08 00:00:00-04:00,1000000.0
2020-04-09 00:00:00-04:00,1000000.0
2020-04-13 00:00:00-04:00,1000000.0
2020-04-14 00:00:00-04:00,1000000.0
2020-04-15 00:00:00-04:00,1000000.0
2020-04-16 00:00:00-04:00,1000000.0
2020-04-17 00:00:00-04:00,1000000.0
2020-04-20 00:00:00-04:00,1000000.0
2020-04-21 00:00:00-04:00,1000000.0
2020-04-22 00:00:00-04:00,1000000.0
2020-04-23 00:00:00-04:00,1000000.0
2020-04-24 00:00:00-04:00,1000000.0
2020-04-27 00:00:00-04:00,1000000.0
2020-04-28 00:00:00-04:00,1000000.0
2020-04-29 00:00:00-04:00,1000000.0
2020-04-30 00:00:00-04:00,1000000.0
2020-05-01 00:00:00-04:00,1000000.0
2020-05-04 00:00:00-04:00,1000000.0
2020-05-05 00:00:00-04:00,1000000.0
2020-05-06 00:00:00-04:00,1000000.0
2020-05-07 00:00:00-04:00,1000000.0
2020-05-08 00:00:00-04:00,1000000.0
2020-05-11 00:00:00-04:00,1000000.0
2020-05-12 00:00:00-04:00,1000000.0
2020-05-13 00:00:00-04:00,1000000.0
2020-05-14 00:00:00-04:00,1000000.0
2020-05-15 00:00:00-04:00,1000000.0
2020-05-18 00:00:00-04:00,1000000.0
2020-05-19 00:00:00-04:00,1000000.0
2020-05-20 00:00:00-04:00,1000000.0
2020-05-21 00:00:00-04:00,1000000.0
2020-05-22 00:00:00-04:00,1000000.0
2020-05-26 00:00:00-04:00,1000000.0
2020-05-27 00:00:00-04:00,1000000.0
2020-05-28 00:00:00-04:00,1000000.0
2020-05-29 00:00:00-04:00,1000000.0
2020-06-01 00:00:00-04:00,1000000.0
2020-06-02 00:00:00-04:00,1000000.0
2020-06-03 00:00:00-04:00,1000000.0
2020-06-04 00:00:00-04:00,1000000.0
2020-06-05 00:00:00-04:00,1000000.0
2020-06-08 00:00:00-04:00,1000000.0
2020-06-09 00:00:00-04:00,1000000.0
2020-06-10 00:00:00-04:00,1000000.0
2020-06-11 00:00:00-04:00,1000000.0
2020-06-12 00:00:00-04:00,1000000.0
2020-06-15 00:00:00-04:00,1000000.0
2020-06-16 00:00:00-04:00,1000000.0
2020-06-17 00:00:00-04:00,1000000.0
2020-06-18 00:00:00-04:00,1000000.0
2020-06-19 00:00:00-04:00,1000000.0
2020-06-22 00:00:00-04:00,1000000.0
2020-06-23 00:00:00-04:00,1000000.0
2020-06-24 00:00:00-04:00,1000000.0
2020-06-25 00:00:00-04:00,1000000.0
2020-06-26 00:00:00-04:00,1000000.0
2020-06-29 00:00:00-04:00,1000000.0
2020-06-30 00:00:00-04:00,1000000.0
2020-07-01 00:00:00-04:00,1000000.0
2020-07-02 00:00:00-04:00,1000000.0
2020-07-06 00:00:00-04:00,1000000.0
2020-07-07 00:00:00-04:00,1000000.0
2020-07-08 00:00:00-04:00,1000000.0
2020-07-09 00:00:00-04:00,1000000.0
2020-07-10 00:00:00-04:00,1000000.0
2020-07-13 00:00:00-04:00,1000000.0
2020-07-14 00:00:00-04:00,1000000.0
2020-07-15 00:00:00-04:00,1000000.0
2020-07-16 00:00:00-04:00,1000000.0
2020-07-17 00:00:00-04:00,1000000.0
2020-07-20 00:00:00-04:00,1000000.0
2020-07-21 00:00:00-04:00,1000000.0
2020-07-22 00:00:00-04:00,1000000.0
2020-07-23 00:00:00-04:00,1000000.0
2020-07-24 00:00:00-04:00,1000000.0
2020-07-27 00:00:00-04:00,1000000.0
2020-07-28 00:00:00-04:00,1000000.0
2020-07-29 00:00:00-04:00,1000000.0
2020-07-30 00:00:00-04:00,1000000.0
2020-07-31 00:00:00-04:00,1000000.0
2020-08-03 00:00:00-04:00,1000000.0
2020-08-04 00:00:00-04:00,1000000.0
2020-08-05 00:00:00-04:00,1000000.0
2020-08-06 00:00:00-04:00,1000000.0
2020-08-07 00:00:00-04:00,1000000.0
2020-08-10 00:00:00-04:00,1000000.0
2020-08-11 00:00:00-04:00,1000000.0
2020-08-12 00:00:00-04:00,1000000.0
2020-08-13 00:00:00-04:00,1000000.0
2020-08-14 00:00:00-04:00,1000000.0
2020-08-17 00:00:00-04:00,1000000.0
2020-08-18 00:00:00-04:00,1000000.0
2020-08-19 00:00:00-04:00,1000000.0
2020-08-20 00:00:00-04:00,1000000.0
2020-08-21 00:00:00-04:00,1000000.0
2020-08-24 00:00:00-04:00,1000000.0
2020-08-25 00:00:00-04:00,1000000.0
2020-08-26 00:00:00-04:00,1000000.0
2020-08-27 00:00:00-04:00,1000000.0
2020-08-28 00:00:00-04:00,1000000.0
2020-08-31 00:00:00-04:00,1000000.0
2020-09-01 00:00:00-04:00,1000000.0
2020-09-02 00:00:00-04:00,1000000.0
2020-09-03 00:00:00-04:00,1000000.0
2020-09-04 00:00:00-04:00,1000000.0
2020-09-08 00:00:00-04:00,1000000.0
2020-09-09 00:00:00-04:00,1000000.0
2020-09-10 00:00:00-04:00,1000000.0
2020-09-11 00:00:00-04:00,1000000.0
2020-09-14 00:00:00-04:00,1000000.0
2020-09-15 00:00:00-04:00,1000000.0
2020-09-16 00:00:00-04:00,1000000.0
2020-09-17 00:00:00-04:00,1000000.0
2020-09-18 00:00:00-04:00,1000000.0
2020-09-21 00:00:00-04:00,1000000.0
2020-09-22 00:00:00-04:00,1000000.0
2020-09-23 00:00:00-04:00,1000000.0
2020-09-24 00:00:00-04:00,1000000.0
2020-09-25 00:00:00-04:00,1000000.0
2020-09-28 00:00:00-04:00,1000000.0
2020-09-29 00:00:00-04:00,1000000.0
2020-09-30 00:00:00-04:00,1000000.0
2020-10-01 00:00:00-04:00,1000000.0
2020-10-02 00:00:00-04:00,1000000.0
2020-10-05 00:00:00-04:00,1000000.0
2020-10-06 00:00:00-04:00,1000000.0
2020-10-07 00:00:00-04:00,1000000.0
2020-10-08 00:00:00-04:00,1000000.0
2020-10-09 00:00:00-04:00,1000000.0
2020-10-12 00:00:00-04:00,1000000.0
2020-10-13 00:00:00-04:00,1000000.0
2020-10-14 00:00:00-04:00,1000000.0
2020-10-15 00:00:00-04:00,1000000.0
2020-10-16 00:00:00-04:00,1000000.0
2020-10-19 00:00:00-04:00,1000000.0
2020-10-20 00:00:00-04:00,1000000.0
2020-10-21 00:00:00-04:00,1000000.0
2020-10-22 00:00:00-04:00,1000000.0
2020-10-23 00:00:00-04:00,1000000.0
2020-10-26 00:00:00-04:00,1000000.0
2020-10-27 00:00:00-04:00,1000000.0
2020-10-28 00:00:00-04:00,1000000.0
2020-10-29 00:00:00-04:00,1000000.0
2020-10-30 00:00:00-04:00,1000000.0
2020-11-02 00:00:00-05:00,1000000.0
2020-11-03 00:00:00-05:00,1000187.9842225297
2020-11-04 00:00:00-05:00,1001139.6583832484
2020-11-05 00:00:00-05:00,1001467.00160667
2020-11-06 00:00:00-05:00,1002036.7525612263
2020-11-09 00:00:00-05:00,1001489.9635876615
2020-11-10 00:00:00-05:00,1000469.6357592734
2020-11-11 00:00:00-05:00,1001124.8443795766
2020-11-12 00:00:00-05:00,1001235.7403873471
2020-11-13 00:00:00-05:00,1001154.2530693652
2020-11-16 00:00:00-05:00,1001608.5620707544
2020-11-17 00:00:00-05:00,1001535.0682587771
2020-11-18 00:00:00-05:00,1001372.621354118
2020-11-19 00:00:00-05:00,1001965.102118403
2020-11-20 00:00:00-05:00,1001786.764550696
2020-11-23 00:00:00-05:00,1001917.9910720602
2020-11-24 00:00:00-05:00,1001870.1174159234
2020-11-25 00:00:00-05:00,1002194.6466357176
2020-11-27 00:00:00-05:00,1002289.2764579082
2020-11-30 00:00:00-05:00,1003373.6718481902
2020-12-01 00:00:00-05:00,1003367.4870603613
2020-12-02 00:00:00-05:00,1003588.0051949006
2020-12-03 00:00:00-05:00,1003318.9647216388
2020-12-04 00:00:00-05:00,1003662.8454166584
2020-12-07 00:00:00-05:00,1003668.2688533152
2020-12-08 00:00:00-05:00,1003439.1822824038
2020-12-09 00:00:00-05:00,1002824.918416885
2020-12-10 00:00:00-05:00,1003188.1499575689
2020-12-11 00:00:00-05:00,1003185.930590348
2020-12-14 00:00:00-05:00,1003808.6261668922
2020-12-15 00:00:00-05:00,1004275.3184560238
2020-12-16 00:00:00-05:00,1004221.3301974233
2020-12-17 00:00:00-05:00,1004219.2387275911
2020-12-18 00:00:00-05:00,1004035.5254194434
2020-12-21 00:00:00-05:00,1003498.6664989226
2020-12-22 00:00:00-05:00,1003484.5696000068
2020-12-23 00:00:00-05:00,1003163.6456425282
2020-12-24 00:00:00-05:00,1003215.2614840165
2020-12-28 00:00:00-05:00,1003172.7641215713
2020-12-29 00:00:00-05:00,1002976.4383337809
2020-12-30 00:00:00-05:00,1003309.4766652165
2020-12-31 00:00:00-05:00,1003193.5768616571
2021-01-04 00:00:00-05:00,1003332.7291730607
2021-01-05 00:00:00-05:00,1003426.3186871879
2021-01-06 00:00:00-05:00,1002939.6899782855
2021-01-07 00:00:00-05:00,1003904.0816191196
2021-01-08 00:00:00-05:00,1003788.1105127527
2021-01-11 00:00:00-05:00,1004321.7911004242
2021-01-12 00:00:00-05:00,1003943.8440431498
2021-01-13 00:00:00-05:00,1003228.2823385549
2021-01-14 00:00:00-05:00,1003030.4686526476
2021-01-15 00:00:00-05:00,1002515.770012716
2021-01-19 00:00:00-05:00,1002762.1954996657
2021-01-20 00:00:00-05:00,1002622.264722803
2021-01-21 00:00:00-05:00,1003177.7731566565
2021-01-22 00:00:00-05:00,1003429.7383092556
2021-01-25 00:00:00-05:00,1003697.727557388
2021-01-26 00:00:00-05:00,1003813.7264175822
2021-01-27 00:00:00-05:00,1002639.726179302
2021-01-28 00:00:00-05:00,1002375.7251061741
2021-01-29 00:00:00-05:00,1001999.7286742063
2021-02-01 00:00:00-05:00,1002430.9386436681
2021-02-02 00:00:00-05:00,1002670.9380333165
2021-02-03 00:00:00-05:00,1002476.9377891759
2021-02-04 00:00:00-05:00,1002466.9371788243
2021-02-05 00:00:00-05:00,1002478.938216422
2021-02-08 00:00:00-05:00,1003192.9381553868
2021-02-09 00:00:00-05:00,1003080.9386436681
2021-02-10 00:00:00-05:00,1003368.9376060704
2021-02-11 00:00:00-05:00,1003430.9386436681
2021-02-12 00:00:00-05:00,1003652.9372398595
2021-02-16 00:00:00-05:00,1003190.9377281407
2021-02-17 00:00:00-05:00,1002886.9383995275
2021-02-18 00:00:00-05:00,1002626.9377891759
2021-02-19 00:00:00-05:00,1002814.9382774571
2021-02-22 00:00:00-05:00,1001972.9384605626
2021-02-23 00:00:00-05:00,1001846.9374840001
2021-02-24 00:00:00-05:00,1002506.7915572078
2021-02-25 00:00:00-05:00,1001151.4359475888
2021-02-26 00:00:00-05:00,1001986.6293170501
2021-03-01 00:00:00-05:00,1002924.3496705074
2021-03-02 00:00:00-05:00,1001796.1437058557
2021-03-03 00:00:00-05:00,999845.0239147347
2021-03-04 00:00:00-05:00,997715.562713919
2021-03-05 00:00:00-05:00,998239.7901873025
2021-03-08 00:00:00-05:00,994744.7690832119
2021-03-09 00:00:00-05:00,998245.7924063676
2021-03-10 00:00:00-05:00,997367.4596523065
2021-03-11 00:00:00-05:00,1000606.5536120099
2021-03-12 00:00:00-05:00,1000448.2617938955
2021-03-15 00:00:00-04:00,1001704.6354366965
2021-03-16 00:00:00-04:00,1001917.6027094219
2021-03-17 00:00:00-04:00,1001810.6824261403
2021-03-18 00:00:00-04:00,997904.2535120612
2021-03-19 00:00:00-04:00,998720.8064206372
2021-03-22 00:00:00-04:00,999796.8354990284
2021-03-23 00:00:00-04:00,998145.1380048472
2021-03-24 00:00:00-04:00,996520.8738875632
2021-03-25 00:00:00-04:00,996305.1007692837
2021-03-26 00:00:00-04:00,997313.7613774949
2021-03-29 00:00:00-04:00,997092.5736998221
2021-03-30 00:00:00-04:00,996146.2115262741
2021-03-31 00:00:00-04:00,998256.6723572618
2021-04-01 00:00:00-04:00,1000417.6957304606
2021-04-05 00:00:00-04:00,1000762.0862445347
2021-04-06 00:00:00-04:00,1000755.1286378428
2021-04-07 00:00:00-04:00,1001341.4707090488
2021-04-08 00:00:00-04:00,1002296.9885045787
2021-04-09 00:00:00-04:00,1001896.6678105409
2021-04-12 00:00:00-04:00,998496.7403947286
2021-04-13 00:00:00-04:00,999856.0381589403
2021-04-14 00:00:00-04:00,998473.3002274529
2021-04-15 00:00:00-04:00,1002033.5875616529
2021-04-16 00:00:00-04:00,1001348.3207661137
2021-04-19 00:00:00-04:00,1000623.3086581245
2021-04-20 00:00:00-04:00,999143.6702101402
2021-04-21 00:00:00-04:00,1000963.2480517817
2021-04-22 00:00:00-04:00,998985.8206820784
2021-04-23 00:00:00-04:00,1001974.2128737131
2021-04-26 00:00:00-04:00,1003991.1340455578
2021-04-27 00:00:00-04:00,1003859.3840117578
2021-04-28 00:00:00-04:00,1003090.38509952
2021-04-29 00:00:00-04:00,1003058.7662386848
2021-04-30 00:00:00-04:00,1001404.8944828064
2021-05-03 00:00:00-04:00,998895.2073195474
2021-05-04 00:00:00-04:00,998982.4383209595
2021-05-05 00:00:00-04:00,998384.191511227
2021-05-06 00:00:00-04:00,998430.6341525434
2021-05-07 00:00:00-04:00,999180.6282486046
2021-05-10 00:00:00-04:00,997254.055881695
2021-05-11 00:00:00-04:00,997884.1386174068
2021-05-12 00:00:00-04:00,996425.206707537
2021-05-13 00:00:00-04:00,995505.8075681811
2021-05-14 00:00:00-04:00,996465.8991400386
2021-05-17 00:00:00-04:00,996610.6002492182
2021-05-18 00:00:00-04:00,996515.1582796042
2021-05-19 00:00:00-04:00,997732.1901402981
2021-05-20 00:00:00-04:00,999110.3245444236
2021-05-21 00:00:00-04:00,998477.7139756761
2021-05-24 00:00:00-04:00,998840.064507267
2021-05-25 00:00:00-04:00,999219.7481188608
2021-05-26 00:00:00-04:00,999594.1071962847
2021-05-27 00:00:00-04:00,999653.4520115802
2021-05-28 00:00:00-04:00,1000952.2292073027
2021-06-01 00:00:00-04:00,1001446.4401276953
2021-06-02 00:00:00-04:00,1002204.7679376919
2021-06-03 00:00:00-04:00,1001265.323724912
2021-06-04 00:00:00-04:00,1002264.393146895
2021-06-07 00:00:00-04:00,1002209.9882390706
2021-06-08 00:00:00-04:00,1001808.7860970786
2021-06-09 00:00:00-04:00,1001363.9094723562
2021-06-10 00:00:00-04:00,1002314.6584233954
2021-06-11 00:00:00-04:00,1002192.6647590748
2021-06-14 00:00:00-04:00,1002405.4265255845
2021-06-15 00:00:00-04:00,1001913.3341758869
2021-06-16 00:00:00-04:00,1001881.4173563517
2021-06-17 00:00:00-04:00,1004686.190103605
2021-06-18 00:00:00-04:00,1004766.6766029053
2021-06-21 00:00:00-04:00,1004096.4342137291
2021-06-22 00:00:00-04:00,1004846.7857593028
2021-06-23 00:00:00-04:00,1005146.732476945
2021-06-24 00:00:00-04:00,1006689.3988398601
2021-06-25 00:00:00-04:00,1006454.3662297396
2021-06-28 00:00:00-04:00,1007456.886075903
2021-06-29 00:00:00-04:00,1009094.0919493618
2021-06-30 00:00:00-04:00,1011867.9515157911
2021-07-01 00:00:00-04:00,1011473.9188539772
2021-07-02 00:00:00-04:00,1012592.1484017032
2021-07-06 00:00:00-04:00,1012880.1099871204
2021-07-07 00:00:00-04:00,1010230.8803399736
2021-07-08 00:00:00-04:00,1009740.3543750176
2021-07-09 00:00:00-04:00,1010603.6087694478
2021-07-12 00:00:00-04:00,1011109.375302963
2021-07-13 00:00:00-04:00,1010937.7244928351
2021-07-14 00:00:00-04:00,1010158.7378303083
2021-07-15 00:00:00-04:00,1008852.8987599628
2021-07-16 00:00:00-04:00,1008320.801677799
2021-07-19 00:00:00-04:00,1009124.2018704825
2021-07-20 00:00:00-04:00,1009629.4184497583
2021-07-21 00:00:00-04:00,1011298.4132577257
2021-07-22 00:00:00-04:00,1012762.3467426656
2021-07-23 00:00:00-04:00,1013541.626758238
2021-07-26 00:00:00-04:00,1013532.9591524022
2021-07-27 00:00:00-04:00,1013013.097619776
2021-07-28 00:00:00-04:00,1018570.5944316023
2021-07-29 00:00:00-04:00,1023060.7321844097
2021-07-30 00:00:00-04:00,1025934.0538851427
2021-08-02 00:00:00-04:00,1028703.1319850356
2021-08-03 00:00:00-04:00,1032479.3336047351
2021-08-04 00:00:00-04:00,1038201.9020906409
2021-08-05 00:00:00-04:00,1032563.7016159523
2021-08-06 00:00:00-04:00,1030659.3840257119
2021-08-09 00:00:00-04:00,1028931.3522213083
2021-08-10 00:00:00-04:00,1028155.1110485458
2021-08-11 00:00:00-04:00,1029359.3862285098
2021-08-12 00:00:00-04:00,1028429.4082777885
2021-08-13 00:00:00-04:00,1032147.3967877098
2021-08-16 00:00:00-04:00,1029808.8392265536
2021-08-17 00:00:00-04:00,1030013.6676206853
2021-08-18 00:00:00-04:00,1026449.0207895222
2021-08-19 00:00:00-04:00,1026841.9532783671
2021-08-20 00:00:00-04:00,1027899.4553725581
2021-08-23 00:00:00-04:00,1032390.7397147322
2021-08-24 00:00:00-04:00,1031411.9505195734
2021-08-25 00:00:00-04:00,1032195.9958276469
2021-08-26 00:00:00-04:00,1031309.4878107473
2021-08-27 00:00:00-04:00,1035411.4557157931
2021-08-30 00:00:00-04:00,1035453.8624790239
2021-08-31 00:00:00-04:00,1034988.7791856519
2021-09-01 00:00:00-04:00,1034396.4767197855
2021-09-02 00:00:00-04:00,1033748.723636429
2021-09-03 00:00:00-04:00,1034460.3281853665
2021-09-07 00:00:00-04:00,1034059.6663873878
2021-09-08 00:00:00-04:00,1031210.6674373444
2021-09-09 00:00:00-04:00,1031290.10283347
2021-09-10 00:00:00-04:00,1030342.3116160962
2021-09-13 00:00:00-04:00,1030138.0735863439
2021-09-14 00:00:00-04:00,1031160.4491033272
2021-09-15 00:00:00-04:00,1031027.4478043398
2021-09-16 00:00:00-04:00,1031607.5779835274
2021-09-17 00:00:00-04:00,1029377.7998096975
2021-09-20 00:00:00-04:00,1027326.2481650041
2021-09-21 00:00:00-04:00,1028716.1835666386
2021-09-22 00:00:00-04:00,1030585.7142011636
2021-09-23 00:00:00-04:00,1032877.228801227
2021-09-24 00:00:00-04:00,1032423.9855799993
2021-09-27 00:00:00-04:00,1035410.2327568599
2021-09-28 00:00:00-04:00,1026249.9239485327
2021-09-29 00:00:00-04:00,1024520.1088611558
2021-09-30 00:00:00-04:00,1028556.1043718632
2021-10-01 00:00:00-04:00,1027795.1964278666
2021-10-04 00:00:00-04:00,1024049.8572508432
2021-10-05 00:00:00-04:00,1026796.7098255795
2021-10-06 00:00:00-04:00,1030422.3116238548
2021-10-07 00:00:00-04:00,1036217.8056036254
2021-10-08 00:00:00-04:00,1033360.741207211
2021-10-11 00:00:00-04:00,1032560.1141560943
2021-10-12 00:00:00-04:00,1033331.07350754
2021-10-13 00:00:00-04:00,1042312.053690858
2021-10-14 00:00:00-04:00,1048182.0919619574
2021-10-15 00:00:00-04:00,1048405.8286965896
2021-10-18 00:00:00-04:00,1057290.0767978772
2021-10-19 00:00:00-04:00,1057036.27124965
2021-10-20 00:00:00-04:00,1057222.8724179843
2021-10-21 00:00:00-04:00,1063343.4994429122
2021-10-22 00:00:00-04:00,1064433.9114073892
2021-10-25 00:00:00-04:00,1069627.4873421448
2021-10-26 00:00:00-04:00,1070547.8232240044
2021-10-27 00:00:00-04:00,1069181.893265097
2021-10-28 00:00:00-04:00,1066984.4664199003
2021-10-29 00:00:00-04:00,1065204.0700168277
2021-11-01 00:00:00-04:00,1076226.5116475765
2021-11-02 00:00:00-04:00,1081474.46307612
2021-11-03 00:00:00-04:00,1088142.506351444
2021-11-04 00:00:00-04:00,1104191.706954477
2021-11-05 00:00:00-04:00,1101798.5088213864
2021-11-08 00:00:00-05:00,1133419.491989788
2021-11-09 00:00:00-05:00,1130568.7264410516
2021-11-10 00:00:00-05:00,1110084.097844865
2021-11-11 00:00:00-05:00,1124433.6265912896
2021-11-12 00:00:00-05:00,1128750.3163363363
2021-11-15 00:00:00-05:00,1125529.0004958399
2021-11-16 00:00:00-05:00,1139449.0531865885
2021-11-17 00:00:00-05:00,1136895.9435836056
2021-11-18 00:00:00-05:00,1145357.884390485
2021-11-19 00:00:00-05:00,1146415.1128930508
2021-11-22 00:00:00-05:00,1140096.3707987452
2021-11-23 00:00:00-05:00,1134116.5794000973
2021-11-24 00:00:00-05:00,1152238.829291164
2021-11-26 00:00:00-05:00,1145539.4610432726
2021-11-29 00:00:00-05:00,1162688.9987342143
2021-11-30 00:00:00-05:00,1154842.1522712144
2021-12-01 00:00:00-05:00,1133544.225774926
2021-12-02 00:00:00-05:00,1137310.8471399369
2021-12-03 00:00:00-05:00,1121641.536847397
2021-12-06 00:00:00-05:00,1110092.2830299602
2021-12-07 00:00:00-05:00,1125006.2300815617
2021-12-08 00:00:00-05:00,1126011.7518314857
2021-12-09 00:00:00-05:00,1107647.066249659
2021-12-10 00:00:00-05:00,1109192.1284741624
2021-12-13 00:00:00-05:00,1097580.7863399375
2021-12-14 00:00:00-05:00,1102126.3137854072
2021-12-15 00:00:00-05:00,1130029.311176346
2021-12-16 00:00:00-05:00,1109851.3617303155
2021-12-17 00:00:00-05:00,1107599.7020651163
2021-12-20 00:00:00-05:00,1103110.4100017399
2021-12-21 00:00:00-05:00,1125630.3053892276
2021-12-22 00:00:00-05:00,1124650.108730676
2021-12-23 00:00:00-05:00,1130621.7938011594
2021-12-27 00:00:00-05:00,1152480.9520667903
2021-12-28 00:00:00-05:00,1149636.5529310163
2021-12-29 00:00:00-05:00,1137307.252942127
2021-12-30 00:00:00-05:00,1129675.119406176
2021-12-31 00:00:00-05:00,1126385.9201199773
2022-01-03 00:00:00-05:00,1144042.5899748665
2022-01-04 00:00:00-05:00,1129074.6780995498
2022-01-05 00:00:00-05:00,1107542.8885968307
2022-01-06 00:00:00-05:00,1107769.9321023175
2022-01-07 00:00:00-05:00,1095900.856702134
2022-01-10 00:00:00-05:00,1096927.720536505
2022-01-11 00:00:00-05:00,1112874.339168925
2022-01-12 00:00:00-05:00,1113363.7887431358
2022-01-13 00:00:00-05:00,1099189.7295646172
2022-01-14 00:00:00-05:00,1112012.1591109792
2022-01-18 00:00:00-05:00,1096502.3988935694
2022-01-19 00:00:00-05:00,1084848.899624125
2022-01-20 00:00:00-05:00,1064787.9343776356
2022-01-21 00:00:00-05:00,1055054.9602854261
2022-01-24 00:00:00-05:00,1047772.4961048483
2022-01-25 00:00:00-05:00,1029405.6464567111
2022-01-26 00:00:00-05:00,1027985.3392008258
2022-01-27 00:00:00-05:00,998427.6276827074
2022-01-28 00:00:00-05:00,1008149.6409897887
2022-01-31 00:00:00-05:00,1040692.5560394928
2022-02-01 00:00:00-05:00,1049594.3344573677
2022-02-02 00:00:00-05:00,1070153.2237973146
2022-02-03 00:00:00-05:00,1061078.2226825692
2022-02-04 00:00:00-05:00,1073091.8465533117
2022-02-07 00:00:00-05:00,1073466.045898153
2022-02-08 00:00:00-05:00,1088946.1384190675
2022-02-09 00:00:00-05:00,1105039.326124641
2022-02-10 00:00:00-05:00,1080660.721065151
2022-02-11 00:00:00-05:00,1037481.5987250451
2022-02-14 00:00:00-05:00,1041467.0997058542
2022-02-15 00:00:00-05:00,1066248.6378724135
2022-02-16 00:00:00-05:00,1053386.3823143414
2022-02-17 00:00:00-05:00,1034952.9920902022
2022-02-18 00:00:00-05:00,1040178.5174912239
2022-02-22 00:00:00-05:00,1046584.7549495568
2022-02-23 00:00:00-05:00,1025792.2705682516
2022-02-24 00:00:00-05:00,1050679.970744505
2022-02-25 00:00:00-05:00,1067104.7296446364
2022-02-28 00:00:00-05:00,1076175.3146044912
2022-03-01 00:00:00-05:00,1042272.0491187605
2022-03-02 00:00:00-05:00,1058436.7115840977
2022-03-03 00:00:00-05:00,1035550.1112885942
2022-03-04 00:00:00-05:00,1022335.3098554779
2022-03-07 00:00:00-05:00,1001960.929409211
2022-03-08 00:00:00-05:00,1011719.9845139438
2022-03-09 00:00:00-05:00,1032375.5214207792
2022-03-10 00:00:00-05:00,1015307.8493124725
2022-03-11 00:00:00-05:00,1007194.9516063998
2022-03-14 00:00:00-04:00,999595.3686885021
2022-03-15 00:00:00-04:00,1026222.719810634
2022-03-16 00:00:00-04:00,1048415.7800220898
2022-03-17 00:00:00-04:00,1035057.0148621878
2022-03-18 00:00:00-04:00,1041605.6621923244
2022-03-21 00:00:00-04:00,1050646.497420873
2022-03-22 00:00:00-04:00,1046587.0869538304
2022-03-23 00:00:00-04:00,1043469.3967590034
2022-03-24 00:00:00-04:00,1067399.8807918641
2022-03-25 00:00:00-04:00,1064221.4395480577
2022-03-28 00:00:00-04:00,1068432.648278132
2022-03-29 00:00:00-04:00,1080241.5301502708
2022-03-30 00:00:00-04:00,1065998.963631119
2022-03-31 00:00:00-04:00,1028231.5951881163
2022-04-01 00:00:00-04:00,1023818.6690298638
2022-04-04 00:00:00-04:00,1032908.1669691815
2022-04-05 00:00:00-04:00,1018637.8008605457
2022-04-06 00:00:00-04:00,1006476.6546924686
2022-04-07 00:00:00-04:00,1006699.3974573638
2022-04-08 00:00:00-04:00,996184.4568926045
2022-04-11 00:00:00-04:00,982166.7882387035
2022-04-12 00:00:00-04:00,973322.1781850331
2022-04-13 00:00:00-04:00,983664.2049619369
2022-04-14 00:00:00-04:00,965305.1760958006
2022-04-18 00:00:00-04:00,968655.3057048504
2022-04-19 00:00:00-04:00,980685.6481665177
2022-04-20 00:00:00-04:00,969202.1126653128
2022-04-21 00:00:00-04:00,952540.2857285147
2022-04-22 00:00:00-04:00,945700.289390624
2022-04-25 00:00:00-04:00,955900.3015976553
2022-04-26 00:00:00-04:00,933780.3064804678
2022-04-27 00:00:00-04:00,932780.3064804678
2022-04-28 00:00:00-04:00,951700.289390624
2022-04-29 00:00:00-04:00,935220.2784042959
2022-05-02 00:00:00-04:00,952500.2771835928
2022-05-03 00:00:00-04:00,957660.2808457022
2022-05-04 00:00:00-04:00,990820.2845078115
2022-05-05 00:00:00-04:00,968620.3028183584
2022-05-06 00:00:00-04:00,974500.2771835928
2022-05-09 00:00:00-04:00,938580.2942734365
2022-05-10 00:00:00-04:00,948060.3052597647
2022-05-11 00:00:00-04:00,944820.2845078115
2022-05-12 00:00:00-04:00,941380.2820664053
2022-05-13 00:00:00-04:00,973620.3028183584
2022-05-16 00:00:00-04:00,970100.2832871084
2022-05-17 00:00:00-04:00,1003020.2967148428
2022-05-18 00:00:00-04:00,978260.2869492178
2022-05-19 00:00:00-04:00,979820.2845078115
2022-05-20 00:00:00-04:00,967140.2918320303
2022-05-23 00:00:00-04:00,973420.2906113272
2022-05-24 00:00:00-04:00,957780.3064804678
2022-05-25 00:00:00-04:00,963740.2979355459
2022-05-26 00:00:00-04:00,988140.2918320303
2022-05-27 00:00:00-04:00,1002180.3003769522
2022-05-31 00:00:00-04:00,1000580.2942734365
2022-06-01 00:00:00-04:00,998020.2967148428
2022-06-02 00:00:00-04:00,1027500.2771835928
2022-06-03 00:00:00-04:00,1018340.3040390615
2022-06-06 00:00:00-04:00,1015740.2979355459
2022-06-07 00:00:00-04:00,1014260.2869492178
2022-06-08 00:00:00-04:00,1000740.2979355459
2022-06-09 00:00:00-04:00,988340.3040390615
2022-06-10 00:00:00-04:00,972420.2906113272
2022-06-13 00:00:00-04:00,941100.2832871084
2022-06-14 00:00:00-04:00,941100.2832871084
2022-06-15 00:00:00-04:00,950340.3040390615
2022-06-16 00:00:00-04:00,921340.3040390615
2022-06-17 00:00:00-04:00,919420.2906113272
2022-06-21 00:00:00-04:00,928300.2954941397
2022-06-22 00:00:00-04:00,928140.2918320303
2022-06-23 00:00:00-04:00,922860.2930527334
2022-06-24 00:00:00-04:00,941460.299156249
2022-06-27 00:00:00-04:00,937780.3064804678
2022-06-28 00:00:00-04:00,916260.2869492178
2022-06-29 00:00:00-04:00,905100.2832871084
2022-06-30 00:00:00-04:00,899020.2967148428
2022-07-01 00:00:00-04:00,887820.2845078115
2022-07-05 00:00:00-04:00,893940.279624999
2022-07-06 00:00:00-04:00,894540.2857285147
2022-07-07 00:00:00-04:00,910340.3040390615
2022-07-08 00:00:00-04:00,910540.2857285147
2022-07-11 00:00:00-04:00,900940.279624999
2022-07-12 00:00:00-04:00,898580.2942734365
2022-07-13 00:00:00-04:00,903220.2784042959
2022-07-14 00:00:00-04:00,907540.2857285147
2022-07-15 00:00:00-04:00,917580.2942734365
2022-07-18 00:00:00-04:00,918860.2930527334
2022-07-19 00:00:00-04:00,936660.2808457022
2022-07-20 00:00:00-04:00,950860.2930527334
2022-07-21 00:00:00-04:00,957500.2771835928
2022-07-22 00:00:00-04:00,945540.2857285147
2022-07-25 00:00:00-04:00,943300.2954941397
2022-07-26 00:00:00-04:00,934140.2918320303
2022-07-27 00:00:00-04:00,952420.2906113272
2022-07-28 00:00:00-04:00,959820.2845078115
2022-07-29 00:00:00-04:00,971020.2967148428
2022-08-01 00:00:00-04:00,980260.2869492178
2022-08-02 00:00:00-04:00,990300.2954941397
2022-08-03 00:00:00-04:00,985500.2771835928
2022-08-04 00:00:00-04:00,1008780.3064804678
2022-08-05 00:00:00-04:00,1002380.2820664053
2022-08-08 00:00:00-04:00,993420.2906113272
2022-08-09 00:00:00-04:00,975300.2954941397
2022-08-10 00:00:00-04:00,989340.3040390615
2022-08-11 00:00:00-04:00,985620.3028183584
2022-08-12 00:00:00-04:00,996460.299156249
2022-08-15 00:00:00-04:00,997180.3003769522
2022-08-16 00:00:00-04:00,993940.279624999
2022-08-17 00:00:00-04:00,986220.2784042959
2022-08-18 00:00:00-04:00,994900.3015976553
2022-08-19 00:00:00-04:00,976940.279624999
2022-08-22 00:00:00-04:00,964500.2771835928
2022-08-23 00:00:00-04:00,963100.2832871084
2022-08-24 00:00:00-04:00,964060.3052597647
2022-08-25 00:00:00-04:00,981860.2930527334
2022-08-26 00:00:00-04:00,957860.2930527334
2022-08-29 00:00:00-04:00,947100.2832871084
2022-08-30 00:00:00-04:00,940900.3015976553
2022-08-31 00:00:00-04:00,932620.3028183584
2022-09-01 00:00:00-04:00,922460.299156249
2022-09-02 00:00:00-04:00,914100.2832871084
2022-09-06 00:00:00-04:00,908020.2967148428
2022-09-07 00:00:00-04:00,911580.2942734365
2022-09-08 00:00:00-04:00,924260.2869492178
2022-09-09 00:00:00-04:00,934940.279624999
2022-09-12 00:00:00-04:00,931700.289390624
2022-09-13 00:00:00-04:00,901260.2869492178
2022-09-14 00:00:00-04:00,902940.279624999
2022-09-15 00:00:00-04:00,899780.3064804678
2022-09-16 00:00:00-04:00,899180.3003769522
2022-09-19 00:00:00-04:00,900220.2784042959
2022-09-20 00:00:00-04:00,894140.2918320303
2022-09-21 00:00:00-04:00,891060.3052597647
2022-09-22 00:00:00-04:00,871140.2918320303
2022-09-23 00:00:00-04:00,864980.2881699209
2022-09-26 00:00:00-04:00,858340.3040390615
2022-09-27 00:00:00-04:00,861820.2845078115
2022-09-28 00:00:00-04:00,866580.2942734365
2022-09-29 00:00:00-04:00,849700.289390624
2022-09-30 00:00:00-04:00,846580.2942734365
2022-10-03 00:00:00-04:00,857580.2942734365
2022-10-04 00:00:00-04:00,864740.2979355459
2022-10-05 00:00:00-04:00,864900.3015976553
2022-10-06 00:00:00-04:00,864540.2857285147
2022-10-07 00:00:00-04:00,826900.2863388662
2022-10-10 00:00:00-04:00,824380.2973251943
2022-10-11 00:00:00-04:00,823660.2961044912
2022-10-12 00:00:00-04:00,824540.2857285147
2022-10-13 00:00:00-04:00,828900.2863388662
2022-10-14 00:00:00-04:00,816900.2863388662
2022-10-17 00:00:00-04:00,824980.2881699209
2022-10-18 00:00:00-04:00,824820.2845078115
2022-10-19 00:00:00-04:00,822060.2900009756
2022-10-20 00:00:00-04:00,824220.293663085
2022-10-21 00:00:00-04:00,828420.2906113272
2022-10-24 00:00:00-04:00,827940.2948837881
2022-10-25 00:00:00-04:00,839020.2967148428
2022-10-26 00:00:00-04:00,832060.2900009756
2022-10-27 00:00:00-04:00,827540.2857285147
2022-10-28 00:00:00-04:00,841180.2851181631
2022-10-31 00:00:00-04:00,833380.2973251943
2022-11-01 00:00:00-04:00,831780.2912216787
2022-11-02 00:00:00-04:00,827660.2961044912
2022-11-03 00:00:00-04:00,833580.2942734365
2022-11-04 00:00:00-04:00,841900.2863388662
2022-11-07 00:00:00-05:00,845460.299156249
2022-11-08 00:00:00-05:00,848540.2857285147
2022-11-09 00:00:00-05:00,832820.2845078115
2022-11-10 00:00:00-05:00,867020.2967148428
2022-11-11 00:00:00-05:00,882620.3028183584
2022-11-14 00:00:00-05:00,887260.2869492178
2022-11-15 00:00:00-05:00,898620.3028183584
2022-11-16 00:00:00-05:00,883940.279624999
2022-11-17 00:00:00-05:00,888740.2979355459
2022-11-18 00:00:00-05:00,887420.2906113272
2022-11-21 00:00:00-05:00,882980.2881699209
2022-11-22 00:00:00-05:00,894140.2918320303
2022-11-23 00:00:00-05:00,898740.2979355459
2022-11-25 00:00:00-05:00,893700.289390624
2022-11-28 00:00:00-05:00,885900.3015976553
2022-11-29 00:00:00-05:00,886700.289390624
2022-11-30 00:00:00-05:00,903660.2808457022
2022-12-01 00:00:00-05:00,903060.3052597647
2022-12-02 00:00:00-05:00,893060.3052597647
2022-12-05 00:00:00-05:00,887620.3028183584
2022-12-06 00:00:00-05:00,874220.2784042959
2022-12-07 00:00:00-05:00,873700.289390624
2022-12-08 00:00:00-05:00,875020.2967148428
2022-12-09 00:00:00-05:00,867500.2771835928
2022-12-12 00:00:00-05:00,875820.2845078115
2022-12-13 00:00:00-05:00,879740.2979355459
2022-12-14 00:00:00-05:00,868860.2930527334
2022-12-15 00:00:00-05:00,859260.2869492178
2022-12-16 00:00:00-05:00,854780.3064804678
2022-12-19 00:00:00-05:00,851500.2771835928
2022-12-20 00:00:00-05:00,853340.3040390615
2022-12-21 00:00:00-05:00,863860.2930527334
2022-12-22 00:00:00-05:00,848580.2942734365
2022-12-23 00:00:00-05:00,851220.2784042959
2022-12-27 00:00:00-05:00,846220.293663085
2022-12-28 00:00:00-05:00,843420.2906113272
2022-12-29 00:00:00-05:00,852420.2906113272
2022-12-30 00:00:00-05:00,852220.2784042959
2023-01-03 00:00:00-05:00,849220.2784042959
2023-01-04 00:00:00-05:00,851780.3064804678
2023-01-05 00:00:00-05:00,842460.299156249
2023-01-06 00:00:00-05:00,848980.2881699209
2023-01-09 00:00:00-05:00,862100.2832871084
2023-01-10 00:00:00-05:00,865340.3040390615
2023-01-11 00:00:00-05:00,869380.2820664053
2023-01-12 00:00:00-05:00,876340.3040390615
2023-01-13 00:00:00-05:00,877140.2918320303
2023-01-17 00:00:00-05:00,879500.2771835928
2023-01-18 00:00:00-05:00,875260.2869492178
2023-01-19 00:00:00-05:00,863980.2881699209
2023-01-20 00:00:00-05:00,873420.2906113272
2023-01-23 00:00:00-05:00,899260.2869492178
2023-01-24 00:00:00-05:00,891940.279624999
2023-01-25 00:00:00-05:00,892780.3064804678
2023-01-26 00:00:00-05:00,893780.3064804678
2023-01-27 00:00:00-05:00,894740.2979355459
2023-01-30 00:00:00-05:00,882940.279624999
2023-01-31 00:00:00-05:00,893740.2979355459
2023-02-01 00:00:00-05:00,931488.0882652608
2023-02-02 00:00:00-05:00,945994.3677856146
2023-02-03 00:00:00-05:00,937209.2573864383
2023-02-06 00:00:00-05:00,927666.2862248642
2023-02-07 00:00:00-05:00,936473.5193180506
2023-02-08 00:00:00-05:00,931645.8704865802
2023-02-09 00:00:00-05:00,925791.2937791467
2023-02-10 00:00:00-05:00,918944.4381273455
2023-02-13 00:00:00-05:00,925449.0293429266
2023-02-14 00:00:00-05:00,936585.2173477111
2023-02-15 00:00:00-05:00,933533.9898580139
2023-02-16 00:00:00-05:00,913371.8287247709
2023-02-17 00:00:00-05:00,907101.1679374209
2023-02-21 00:00:00-05:00,900207.6077542603
2023-02-22 00:00:00-05:00,899568.4640499296
2023-02-23 00:00:00-05:00,911985.4254502249
2023-02-24 00:00:00-05:00,905432.2858777654
2023-02-27 00:00:00-05:00,908051.7805662954
2023-02-28 00:00:00-05:00,907270.9604023957
2023-03-01 00:00:00-05:00,906087.916452252
2023-03-02 00:00:00-05:00,914925.4300826268
2023-03-03 00:00:00-05:00,919220.0566150397
2023-03-06 00:00:00-05:00,917751.2769622051
2023-03-07 00:00:00-05:00,921460.7689705763
2023-03-08 00:00:00-05:00,933832.5895476971
2023-03-09 00:00:00-05:00,928743.7011676918
2023-03-10 00:00:00-05:00,923531.2635721188
2023-03-13 00:00:00-04:00,920855.5558051808
2023-03-14 00:00:00-04:00,942268.737938018
2023-03-15 00:00:00-04:00,950882.3052143487
2023-03-16 00:00:00-04:00,978099.7124244885
2023-03-17 00:00:00-04:00,983065.885438377
2023-03-20 00:00:00-04:00,979122.8919012755
2023-03-21 00:00:00-04:00,975528.9331531558
2023-03-22 00:00:00-04:00,982159.6954860508
2023-03-23 00:00:00-04:00,993206.548434961
2023-03-24 00:00:00-04:00,983938.8322320767
2023-03-27 00:00:00-04:00,979061.2974457671
2023-03-28 00:00:00-04:00,970736.9816995255
2023-03-29 00:00:00-04:00,976862.6476810081
2023-03-30 00:00:00-04:00,984132.4323513065
2023-03-31 00:00:00-04:00,984989.9702169251
2023-04-03 00:00:00-04:00,980166.9264006063
2023-04-04 00:00:00-04:00,977309.248428262
2023-04-05 00:00:00-04:00,963902.1325603294
2023-04-06 00:00:00-04:00,963489.1324195224
2023-04-10 00:00:00-04:00,975890.3206680042
2023-04-11 00:00:00-04:00,969944.0576285677
2023-04-12 00:00:00-04:00,963453.184135578
2023-04-13 00:00:00-04:00,962438.3025245906
2023-04-14 00:00:00-04:00,960959.1870127632
2023-04-17 00:00:00-04:00,953302.3978501768
2023-04-18 00:00:00-04:00,952877.0850378701
2023-04-19 00:00:00-04:00,953964.3299178708
2023-04-20 00:00:00-04:00,954477.4272725695
2023-04-21 00:00:00-04:00,947501.5370266165
2023-04-24 00:00:00-04:00,944851.2382442275
2023-04-25 00:00:00-04:00,930139.6216837432
2023-04-26 00:00:00-04:00,939400.5206541623
2023-04-27 00:00:00-04:00,945594.5556137566
2023-04-28 00:00:00-04:00,953546.4925775644
2023-05-01 00:00:00-04:00,955680.9804467002
2023-05-02 00:00:00-04:00,957675.18285275
2023-05-03 00:00:00-04:00,922666.4153683364
2023-05-04 00:00:00-04:00,943879.8963877336
2023-05-05 00:00:00-04:00,957138.7914331752
2023-05-08 00:00:00-04:00,979070.1076897436
2023-05-09 00:00:00-04:00,979115.3383869543
2023-05-10 00:00:00-04:00,988139.7366455314
2023-05-11 00:00:00-04:00,988453.8695985568
2023-05-12 00:00:00-04:00,981043.8118268439
2023-05-15 00:00:00-04:00,990228.2190187665
2023-05-16 00:00:00-04:00,1008115.7380520133
2023-05-17 00:00:00-04:00,1018142.0185741971
2023-05-18 00:00:00-04:00,1036729.2812236241
2023-05-19 00:00:00-04:00,1027943.1012925577
2023-05-22 00:00:00-04:00,1037637.2062508694
2023-05-23 00:00:00-04:00,1038780.0541204283
2023-05-24 00:00:00-04:00,1040056.153806662
2023-05-25 00:00:00-04:00,1094688.7784055148
2023-05-26 00:00:00-04:00,1125834.1735176935
2023-05-30 00:00:00-04:00,1118541.8187263561
2023-05-31 00:00:00-04:00,1087408.2074089153
2023-06-01 00:00:00-04:00,1093760.001800868
2023-06-02 00:00:00-04:00,1086517.9125511693
2023-06-05 00:00:00-04:00,1086829.254522521
2023-06-06 00:00:00-04:00,1115172.0774510906
2023-06-07 00:00:00-04:00,1086377.4236420335
2023-06-08 00:00:00-04:00,1100862.7299214967
2023-06-09 00:00:00-04:00,1119010.4513098043
2023-06-12 00:00:00-04:00,1138953.2472310038
2023-06-13 00:00:00-04:00,1117983.2855075332
2023-06-14 00:00:00-04:00,1130582.9498509818
2023-06-15 00:00:00-04:00,1116677.8990293893
2023-06-16 00:00:00-04:00,1097958.3751332741
2023-06-20 00:00:00-04:00,1092782.4960967726
2023-06-21 00:00:00-04:00,1062098.6419639376
2023-06-22 00:00:00-04:00,1055756.4678057411
2023-06-23 00:00:00-04:00,1052652.3910678735
2023-06-26 00:00:00-04:00,1042681.4042967352
2023-06-27 00:00:00-04:00,1055628.4574056566
2023-06-28 00:00:00-04:00,1054637.8673065982
2023-06-29 00:00:00-04:00,1059450.643936909
2023-06-30 00:00:00-04:00,1071463.9576689883
2023-07-03 00:00:00-04:00,1080058.3251110383
2023-07-05 00:00:00-04:00,1071643.1514721822
2023-07-06 00:00:00-04:00,1069528.0850055758
2023-07-07 00:00:00-04:00,1068132.9637281247
2023-07-10 00:00:00-04:00,1069977.6962611827
2023-07-11 00:00:00-04:00,1059807.605738066
2023-07-12 00:00:00-04:00,1074477.5223037484
2023-07-13 00:00:00-04:00,1080507.4198532836
2023-07-14 00:00:00-04:00,1080597.3532012287
2023-07-17 00:00:00-04:00,1091307.083192637
2023-07-18 00:00:00-04:00,1089552.0000471452
2023-07-19 00:00:00-04:00,1082801.914150365
2023-07-20 00:00:00-04:00,1054991.826875587
2023-07-21 00:00:00-04:00,1058141.7272364825
2023-07-24 00:00:00-04:00,1057354.843930987
2023-07-25 00:00:00-04:00,1068934.571965428
2023-07-26 00:00:00-04:00,1055839.5554859359
2023-07-27 00:00:00-04:00,1060384.565098973
2023-07-28 00:00:00-04:00,1068754.567845555
2023-07-31 00:00:00-04:00,1075234.5788318831
2023-08-01 00:00:00-04:00,1089634.565098973
2023-08-02 00:00:00-04:00,1052509.565098973
2023-08-03 00:00:00-04:00,1069609.5788318831
2023-08-04 00:00:00-04:00,1081624.570592137
2023-08-07 00:00:00-04:00,1086079.5609791
2023-08-08 00:00:00-04:00,1069969.5870716292
2023-08-09 00:00:00-04:00,1057285.1280576119
2023-08-10 00:00:00-04:00,1056158.6832850298
2023-08-11 00:00:00-04:00,1043476.4642573796
2023-08-14 00:00:00-04:00,1064951.9823205136
2023-08-15 00:00:00-04:00,1061809.5374891371
2023-08-16 00:00:00-04:00,1040841.2522061488
2023-08-17 00:00:00-04:00,1027117.2187529539
2023-08-18 00:00:00-04:00,1032225.836814876
2023-08-21 00:00:00-04:00,1046714.7902244014
2023-08-22 00:00:00-04:00,1033132.3374971583
2023-08-23 00:00:00-04:00,1053581.7374410091
2023-08-24 00:00:00-04:00,1013264.0099505608
2023-08-25 00:00:00-04:00,1015639.2974702162
2023-08-28 00:00:00-04:00,1017710.5935149613
2023-08-29 00:00:00-04:00,1035097.8132200628
2023-08-30 00:00:00-04:00,1038724.9489094424
2023-08-31 00:00:00-04:00,1034136.0027507431
2023-09-01 00:00:00-04:00,1054231.731248779
2023-09-05 00:00:00-04:00,1061345.7819631514
2023-09-06 00:00:00-04:00,1053433.1739397026
2023-09-07 00:00:00-04:00,1039416.1739746497
2023-09-08 00:00:00-04:00,1036898.0213141601
2023-09-11 00:00:00-04:00,1033227.183429067
2023-09-12 00:00:00-04:00,1033231.0754815518
2023-09-13 00:00:00-04:00,1046079.975641524
2023-09-14 00:00:00-04:00,1040284.886501759
2023-09-15 00:00:00-04:00,1014404.888744448
2023-09-18 00:00:00-04:00,1019297.6806944063
2023-09-19 00:00:00-04:00,1015574.4816208304
2023-09-20 00:00:00-04:00,1009298.0598495909
2023-09-21 00:00:00-04:00,988127.4395290496
2023-09-22 00:00:00-04:00,988707.1745242833
2023-09-25 00:00:00-04:00,995297.1452631439
2023-09-26 00:00:00-04:00,987763.3458496763
2023-09-27 00:00:00-04:00,999459.7968593072
2023-09-28 00:00:00-04:00,1025482.1453584298
2023-09-29 00:00:00-04:00,1025913.600504322
2023-10-02 00:00:00-04:00,1028764.1180113956
2023-10-03 00:00:00-04:00,1010582.0222139765
2023-10-04 00:00:00-04:00,1033911.4901970783
2023-10-05 00:00:00-04:00,1027315.8950557418
2023-10-06 00:00:00-04:00,1052149.827999176
2023-10-09 00:00:00-04:00,1050884.260357337
2023-10-10 00:00:00-04:00,1062673.987681908
2023-10-11 00:00:00-04:00,1058748.4499458836
2023-10-12 00:00:00-04:00,1061409.4758320947
2023-10-13 00:00:00-04:00,1040313.9498591544
2023-10-16 00:00:00-04:00,1048588.4598144018
2023-10-17 00:00:00-04:00,1041460.0491851061
2023-10-18 00:00:00-04:00,1024522.3309157082
2023-10-19 00:00:00-04:00,1025802.8168375405
2023-10-20 00:00:00-04:00,1022806.2816698779
2023-10-23 00:00:00-04:00,1013995.755119758
2023-10-24 00:00:00-04:00,1023841.0680314777
2023-10-25 00:00:00-04:00,991179.1555996486
2023-10-26 00:00:00-04:00,977531.3665090749
2023-10-27 00:00:00-04:00,994297.6275481412
2023-10-30 00:00:00-04:00,993236.1547357299
2023-10-31 00:00:00-04:00,1007596.0795070054
2023-11-01 00:00:00-04:00,1063091.5710663819
2023-11-02 00:00:00-04:00,1062723.9961342402
2023-11-03 00:00:00-04:00,1085897.4666385325
2023-11-06 00:00:00-05:00,1082658.429738867
2023-11-07 00:00:00-05:00,1091513.1960478087
2023-11-08 00:00:00-05:00,1092376.993977014
2023-11-09 00:00:00-05:00,1092516.4067186897
2023-11-10 00:00:00-05:00,1120077.3399876505
2023-11-13 00:00:00-05:00,1110672.5923119062
2023-11-14 00:00:00-05:00,1130430.8411986283
2023-11-15 00:00:00-05:00,1119761.594096199
2023-11-16 00:00:00-05:00,1132135.4429162983
2023-11-17 00:00:00-05:00,1136985.7069206175
2023-11-20 00:00:00-05:00,1147712.3461594053
2023-11-21 00:00:00-05:00,1133452.131199925
2023-11-22 00:00:00-05:00,1156899.9112743097
2023-11-24 00:00:00-05:00,1157148.371786216
2023-11-27 00:00:00-05:00,1163766.2860633258
2023-11-28 00:00:00-05:00,1160617.2672004052
2023-11-29 00:00:00-05:00,1173452.3041537362
2023-11-30 00:00:00-05:00,1156365.4954760142
2023-12-01 00:00:00-05:00,1158931.3083890907
2023-12-04 00:00:00-05:00,1141135.9477601275
2023-12-05 00:00:00-05:00,1139757.7536190276
2023-12-06 00:00:00-05:00,1129640.1899839204
2023-12-07 00:00:00-05:00,1206716.5344795755
2023-12-08 00:00:00-05:00,1210455.8859960523
2023-12-11 00:00:00-05:00,1248150.9763638456
2023-12-12 00:00:00-05:00,1270203.6901828845
2023-12-13 00:00:00-05:00,1274200.1615244409
2023-12-14 00:00:00-05:00,1272886.4834474828
2023-12-15 00:00:00-05:00,1280816.0635763612
2023-12-18 00:00:00-05:00,1279084.0197156798
2023-12-19 00:00:00-05:00,1290093.1736822203
2023-12-20 00:00:00-05:00,1259000.5276583643
2023-12-21 00:00:00-05:00,1290860.389318446
2023-12-22 00:00:00-05:00,1289902.632188625
2023-12-26 00:00:00-05:00,1323178.6972309696
2023-12-27 00:00:00-05:00,1342919.7150138705
2023-12-28 00:00:00-05:00,1362905.085661975
2023-12-29 00:00:00-05:00,1354663.2104606798
