config,strategy,dte,short_delta,width,entry_date,exit_date,expiration,exit_reason,hold_days,spx_at_entry,put_short_strike,put_long_strike,call_short_strike,call_long_strike,credit,max_loss,pnl,pnl_pct_of_credit,pnl_pct_of_max_loss,is_win,max_favorable_excursion,max_adverse_excursion,vix_at_entry,vix_at_exit,vix_change,sma50,sma200,spx_above_sma50,spx_above_sma200,spx_at_exit,spx_move_pct,put_distance_pct,call_distance_pct,entry_dow,entry_month,entry_year,regime_score,regime_tier,regime_position_scale,regime_days_in_tier,label
IC3_1DTE_D10_TP50,iron_condor,1,0.1,30,2015-06-26,2015-06-29,2015-06-29,expiry,3,2101.489990234375,2080,2050,2125,2155,160.9,2839.1,-2077.71,-1291.27,-73.18,0,0.0,0.0,14.02,18.85,4.83,2106.72,,0.0,,2057.64,-2.0866,1.0226,1.1187,4,6,2015,-1,CAUTION,0.25,22,LOSS
IC6_3DTE_D12_TP40,iron_condor,3,0.12,30,2015-08-17,2015-08-20,2015-08-20,expiry,3,2102.43994140625,2070,2040,2140,2170,285.07,2714.93,-2717.53,-953.27,-100.1,0,59.0,-92.49,13.02,19.14,6.12,2094.71,,1.0,,2035.73,-3.173,1.543,1.7865,0,8,2015,2,CAUTION,0.25,57,LOSS
IC6_3DTE_D12_TP40,iron_condor,3,0.12,30,2015-08-17,2015-08-20,2015-08-21,stop_loss,3,2102.43994140625,2065,2035,2145,2175,326.77,2673.23,-1829.34,-559.82,-68.43,0,26.53,-1784.14,13.02,19.14,6.12,2094.71,,1.0,,2035.73,-3.173,1.7808,2.0243,0,8,2015,2,CAUTION,0.25,57,LOSS
IC3_1DTE_D10_TP50,iron_condor,1,0.1,30,2015-08-17,2015-08-20,2015-08-20,expiry,3,2102.43994140625,2065,2035,2145,2175,191.85,2808.15,-2737.75,-1426.99,-97.49,0,41.47,-59.85,13.02,19.14,6.12,2094.71,,1.0,,2035.73,-3.173,1.7808,2.0243,0,8,2015,2,CAUTION,0.25,57,LOSS
IC3_1DTE_D10_TP50,iron_condor,1,0.1,30,2015-08-18,2015-08-20,2015-08-21,stop_loss,2,2096.919921875,2060,2030,2140,2170,240.18,2759.82,-1708.78,-711.47,-61.92,0,0.0,-1663.58,13.79,19.14,5.35,2095.06,,1.0,,2035.73,-2.9181,1.7607,2.0544,1,8,2015,2,CAUTION,0.25,58,LOSS
IC3_1DTE_D10_TP50,iron_condor,1,0.1,30,2015-08-21,2015-08-24,2015-08-24,expiry,3,1970.8900146484375,1925,1895,2015,2045,243.53,2756.47,-2759.07,-1132.97,-100.09,0,0.0,0.0,28.03,40.74,12.71,2090.9,,0.0,,1893.21,-3.9414,2.3284,2.2381,4,8,2015,-3,BEAR,0.0,1,LOSS
IC9_7DTE_D12_TP30,iron_condor,7,0.12,50,2015-09-02,2015-09-08,2015-09-11,profit_target,6,1948.8599853515625,1855,1805,2055,2105,692.53,4307.47,493.59,71.27,11.46,1,538.79,0.0,26.09,24.9,-1.19,2064.08,,0.0,,1969.41,1.0545,4.8161,5.4463,2,9,2015,-2,BEAR,0.0,9,WIN
IC9_7DTE_D12_TP30,iron_condor,7,0.12,50,2015-09-23,2015-09-30,2015-10-02,profit_target,7,1938.760009765625,1860,1810,2030,2080,621.88,4378.12,444.71,71.51,10.16,1,489.91,-603.02,22.13,24.5,2.37,2030.08,,0.0,,1920.03,-0.9661,4.0624,4.7061,2,9,2015,-1,CAUTION,0.25,1,WIN
IC6_3DTE_D12_TP40,iron_condor,3,0.12,30,2015-12-16,2015-12-18,2015-12-21,stop_loss,2,2073.070068359375,2030,2000,2125,2155,355.35,2644.65,-1580.74,-444.84,-59.77,0,0.0,-1535.54,17.86,20.7,2.84,2060.62,2062.33,1.0,1.0,2005.55,-3.257,2.0776,2.505,2,12,2015,3,BEAR,0.0,4,LOSS
IC3_1DTE_D10_TP50,iron_condor,1,0.1,30,2016-01-05,2016-01-07,2016-01-08,stop_loss,2,2016.7099609375,1965,1935,2075,2105,282.62,2717.38,-1513.74,-535.6,-55.71,0,0.0,-1468.54,19.34,24.99,5.65,2066.06,2060.31,0.0,0.0,1943.09,-3.6505,2.5641,2.8904,1,1,2016,-1,CAUTION,0.25,12,LOSS
IC9_7DTE_D12_TP30,iron_condor,7,0.12,50,2016-01-13,2016-01-19,2016-01-22,profit_target,6,1890.280029296875,1805,1755,1990,2040,693.63,4306.37,449.86,64.86,10.45,1,495.06,0.0,25.22,26.05,0.83,2048.79,2056.05,0.0,0.0,1881.33,-0.4735,4.5115,5.2754,2,1,2016,-2,BEAR,0.0,5,WIN
IC9_7DTE_D12_TP30,iron_condor,7,0.12,50,2016-01-27,2016-02-02,2016-02-05,profit_target,6,1882.949951171875,1805,1755,1975,2025,649.93,4350.07,463.65,71.34,10.66,1,508.85,-136.19,23.11,21.98,-1.13,2012.51,2047.36,0.0,0.0,1903.03,1.0664,4.1398,4.8886,2,1,2016,-2,BEAR,0.0,14,WIN
IC6_3DTE_D12_TP40,iron_condor,3,0.12,30,2016-06-23,2016-06-24,2016-06-28,stop_loss,1,2113.320068359375,2070,2040,2160,2190,381.97,2618.03,-1594.4,-417.41,-60.9,0,0.0,-1549.2,17.25,25.76,8.51,2080.77,2020.33,1.0,1.0,2037.41,-3.592,2.0499,2.2088,3,6,2016,4,NEUTRAL,1.0,18,LOSS
IC6_3DTE_D12_TP40,iron_condor,3,0.12,30,2016-06-27,2016-06-30,2016-07-01,stop_loss,3,2000.5400390625,1935,1905,2075,2105,447.28,2552.72,-1574.04,-351.91,-61.66,0,113.93,-1528.84,23.85,15.63,-8.22,2078.26,2021.05,0.0,0.0,2098.86,4.9147,3.2761,3.722,0,6,2016,-1,CAUTION,0.25,2,LOSS
IC9_7DTE_D12_TP30,iron_condor,7,0.12,50,2016-09-07,2016-09-09,2016-09-16,stop_loss,2,2186.159912109375,2140,2090,2240,2290,470.67,4529.33,-1590.62,-337.95,-35.12,0,0.0,-1545.42,11.94,17.5,5.56,2159.79,2056.65,1.0,1.0,2127.81,-2.6691,2.1115,2.4628,2,9,2016,4,NEUTRAL,1.0,4,LOSS
IC6_3DTE_D12_TP40,iron_condor,3,0.12,30,2016-09-07,2016-09-09,2016-09-12,stop_loss,2,2186.159912109375,2155,2125,2220,2250,292.15,2707.85,-1798.39,-615.57,-66.41,0,78.04,-1753.19,11.94,17.5,5.56,2159.79,2056.65,1.0,1.0,2127.81,-2.6691,1.4253,1.5479,2,9,2016,4,NEUTRAL,1.0,4,LOSS
IC6_3DTE_D12_TP40,iron_condor,3,0.12,30,2016-09-08,2016-09-09,2016-09-13,stop_loss,1,2181.300048828125,2150,2120,2220,2250,284.33,2715.67,-1491.7,-524.63,-54.93,0,0.0,-1446.5,12.51,17.5,4.99,2162.69,2057.11,1.0,1.0,2127.81,-2.4522,1.4349,1.7742,3,9,2016,4,NEUTRAL,1.0,5,LOSS
IC3_1DTE_D10_TP50,iron_condor,1,0.1,30,2018-02-02,2018-02-05,2018-02-05,expiry,3,2762.1298828125,2725,2695,2800,2830,241.8,2758.2,-2760.8,-1141.76,-100.09,0,0.0,0.0,17.31,37.32,20.01,2715.15,2532.41,1.0,1.0,2648.94,-4.0979,1.3442,1.371,4,2,2018,4,NEUTRAL,1.0,13,LOSS
IC6_3DTE_D12_TP40,iron_condor,3,0.12,30,2018-02-02,2018-02-05,2018-02-07,stop_loss,3,2762.1298828125,2705,2675,2825,2855,429.2,2570.8,-1707.13,-397.75,-66.4,0,0.0,-1661.93,17.31,37.32,20.01,2715.15,2532.41,1.0,1.0,2648.94,-4.0979,2.0683,2.2761,4,2,2018,4,NEUTRAL,1.0,13,LOSS
IC9_7DTE_D12_TP30,iron_condor,7,0.12,50,2018-02-14,2018-02-20,2018-02-23,profit_target,6,2698.6298828125,2605,2555,2810,2860,698.52,4301.48,426.48,61.05,9.91,1,471.68,0.0,19.26,20.6,1.34,2721.17,2543.55,0.0,1.0,2716.26,0.6533,3.4695,4.1269,2,2,2018,2,CAUTION,0.25,8,WIN
IC9_7DTE_D12_TP30,iron_condor,7,0.12,50,2018-02-28,2018-03-05,2018-03-09,profit_target,5,2713.830078125,2615,2565,2825,2875,726.36,4273.64,437.85,60.28,10.25,1,483.05,-303.46,19.85,18.73,-1.12,2736.05,2558.65,0.0,1.0,2720.94,0.262,3.6417,4.0964,2,2,2018,2,NEUTRAL,1.0,6,WIN
IC3_1DTE_D10_TP50,iron_condor,1,0.1,30,2018-03-23,2018-03-26,2018-03-26,expiry,3,2588.260009765625,2540,2510,2640,2670,311.58,2688.42,-1546.03,-496.2,-57.51,0,0.0,0.0,24.87,21.03,-3.84,2742.04,2585.22,0.0,1.0,2658.55,2.7157,1.8646,1.999,4,3,2018,2,NEUTRAL,1.0,12,LOSS
IC6_3DTE_D12_TP40,iron_condor,3,0.12,30,2018-03-26,2018-03-29,2018-03-29,expiry,3,2658.550048828125,2590,2560,2735,2765,428.27,2571.73,425.67,99.39,16.55,1,0.0,-293.34,21.03,19.97,-1.06,2739.86,2586.34,0.0,1.0,2640.87,-0.665,2.5785,2.8756,0,3,2018,3,NEUTRAL,1.0,13,WIN
IC6_3DTE_D12_TP40,iron_condor,3,0.12,30,2018-03-28,2018-04-02,2018-04-02,expiry,5,2605.0,2530,2500,2685,2715,435.56,2564.44,432.96,99.4,16.88,1,86.93,0.0,22.87,23.62,0.75,2732.95,2588.12,0.0,1.0,2581.88,-0.8875,2.8791,3.071,2,3,2018,2,NEUTRAL,1.0,15,WIN
IC6_3DTE_D12_TP40,iron_condor,3,0.12,30,2018-04-02,2018-04-05,2018-04-05,expiry,3,2581.8798828125,2505,2475,2665,2695,431.26,2568.74,428.66,99.4,16.69,1,118.41,-39.58,23.62,18.94,-4.68,2725.4,2589.85,0.0,0.0,2662.84,3.1357,2.9777,3.2194,0,4,2018,0,CAUTION,0.25,1,WIN
IC6_3DTE_D12_TP40,iron_condor,3,0.12,30,2018-04-02,2018-04-06,2018-04-06,expiry,4,2581.8798828125,2495,2465,2675,2705,483.84,2516.16,481.24,99.46,19.13,1,111.48,-142.95,23.62,21.49,-2.13,2725.4,2589.85,0.0,0.0,2604.47,0.8749,3.365,3.6067,0,4,2018,0,CAUTION,0.25,1,WIN
IC9_7DTE_D12_TP30,iron_condor,7,0.12,50,2018-04-04,2018-04-10,2018-04-13,profit_target,6,2644.68994140625,2550,2500,2755,2805,737.8,4262.2,502.54,68.11,11.79,1,547.74,-114.37,20.06,20.47,0.41,2717.72,2591.81,0.0,1.0,2656.87,0.4606,3.5804,4.171,2,4,2018,3,CAUTION,0.25,3,WIN
IC6_3DTE_D12_TP40,iron_condor,3,0.12,30,2018-04-04,2018-04-09,2018-04-09,expiry,5,2644.68994140625,2580,2550,2715,2745,436.75,2563.25,434.15,99.4,16.94,1,167.5,0.0,20.06,21.77,1.71,2717.72,2591.81,0.0,1.0,2613.16,-1.1922,2.446,2.6585,2,4,2018,3,CAUTION,0.25,3,WIN
IC6_3DTE_D12_TP40,iron_condor,3,0.12,30,2018-04-06,2018-04-11,2018-04-11,expiry,5,2604.469970703125,2535,2505,2680,2710,428.83,2571.17,426.23,99.39,16.58,1,154.4,-2.97,21.49,20.24,-1.25,2709.53,2593.7,0.0,1.0,2642.19,1.4483,2.6673,2.9,4,4,2018,3,CAUTION,0.25,5,WIN
IC3_1DTE_D10_TP50,iron_condor,1,0.1,30,2018-10-08,2018-10-10,2018-10-11,stop_loss,2,2884.429931640625,2825,2795,2950,2980,327.24,2672.76,-1875.69,-573.18,-70.18,0,127.31,-1830.49,15.69,22.96,7.27,2878.45,2764.02,1.0,1.0,2785.68,-3.4236,2.0604,2.2732,0,10,2018,4,NEUTRAL,1.0,27,LOSS
IC6_3DTE_D12_TP40,iron_condor,3,0.12,30,2018-10-08,2018-10-10,2018-10-11,stop_loss,2,2884.429931640625,2830,2800,2945,2975,405.39,2594.61,-1914.69,-472.3,-73.79,0,146.37,-1869.49,15.69,22.96,7.27,2878.45,2764.02,1.0,1.0,2785.68,-3.4236,1.887,2.0999,0,10,2018,4,NEUTRAL,1.0,27,LOSS
IC6_3DTE_D12_TP40,iron_condor,3,0.12,30,2018-10-08,2018-10-10,2018-10-12,stop_loss,2,2884.429931640625,2820,2790,2955,2985,418.36,2581.64,-1511.07,-361.19,-58.53,0,97.23,-1465.87,15.69,22.96,7.27,2878.45,2764.02,1.0,1.0,2785.68,-3.4236,2.2337,2.4466,0,10,2018,4,NEUTRAL,1.0,27,LOSS
IC3_1DTE_D10_TP50,iron_condor,1,0.1,30,2018-10-09,2018-10-10,2018-10-12,stop_loss,1,2880.340087890625,2820,2790,2950,2980,309.78,2690.22,-1620.58,-523.14,-60.24,0,0.0,-1575.38,15.95,22.96,7.01,2880.0,2765.0,1.0,1.0,2785.68,-3.2864,2.0949,2.4185,1,10,2018,4,NEUTRAL,1.0,28,LOSS
IC6_3DTE_D12_TP40,iron_condor,3,0.12,30,2018-10-15,2018-10-18,2018-10-18,expiry,3,2750.7900390625,2680,2650,2830,2860,450.71,2549.29,448.11,99.42,17.58,1,43.64,-222.66,21.3,20.06,-1.24,2874.7,2766.49,0.0,0.0,2768.78,0.654,2.5734,2.8795,0,10,2018,0,CAUTION,0.25,4,WIN
IC9_7DTE_D12_TP30,iron_condor,7,0.12,50,2018-10-17,2018-10-24,2018-10-26,stop_loss,7,2809.2099609375,2720,2670,2910,2960,696.77,4303.23,-3012.4,-432.34,-70.0,0,0.0,-2967.2,17.4,25.23,7.83,2872.9,2767.74,0.0,1.0,2656.1,-5.4503,3.1756,3.5878,2,10,2018,2,CAUTION,0.25,6,LOSS
IC3_1DTE_D10_TP50,iron_condor,1,0.1,30,2018-10-22,2018-10-24,2018-10-24,expiry,2,2755.8798828125,2695,2665,2820,2850,301.24,2698.76,-2701.36,-896.75,-100.1,0,142.6,0.0,19.64,25.23,5.59,2867.86,2768.3,0.0,0.0,2656.1,-3.6206,2.2091,2.3267,0,10,2018,0,CAUTION,0.25,9,LOSS
IC3_1DTE_D10_TP50,iron_condor,1,0.1,30,2018-10-22,2018-10-24,2018-10-25,stop_loss,2,2755.8798828125,2685,2655,2835,2865,356.32,2643.68,-1561.59,-438.26,-59.07,0,61.02,-1516.39,19.64,25.23,5.59,2867.86,2768.3,0.0,0.0,2656.1,-3.6206,2.572,2.871,0,10,2018,0,CAUTION,0.25,9,LOSS
IC6_3DTE_D12_TP40,iron_condor,3,0.12,30,2018-10-22,2018-10-24,2018-10-25,stop_loss,2,2755.8798828125,2690,2660,2830,2860,425.03,2574.97,-1621.5,-381.5,-62.97,0,67.91,-1576.3,19.64,25.23,5.59,2867.86,2768.3,0.0,0.0,2656.1,-3.6206,2.3905,2.6895,0,10,2018,0,CAUTION,0.25,9,LOSS
IC6_3DTE_D12_TP40,iron_condor,3,0.12,30,2018-10-25,2018-10-30,2018-10-30,expiry,5,2705.570068359375,2625,2595,2795,2825,456.63,2543.37,454.03,99.43,17.85,1,0.0,-220.43,24.22,23.35,-0.87,2860.3,2767.58,0.0,0.0,2682.63,-0.8479,2.9779,3.3054,3,10,2018,-1,CAUTION,0.25,12,WIN
IC6_3DTE_D12_TP40,iron_condor,3,0.12,30,2018-10-29,2018-11-02,2018-11-02,expiry,4,2641.25,2550,2520,2745,2775,483.1,2516.9,480.5,99.46,19.09,1,33.98,-383.23,24.7,19.51,-5.19,2852.49,2766.31,0.0,0.0,2723.06,3.0974,3.4548,3.9281,0,10,2018,-1,CAUTION,0.25,14,WIN
IC6_3DTE_D12_TP40,iron_condor,3,0.12,30,2018-11-05,2018-11-09,2018-11-09,expiry,4,2738.31005859375,2660,2630,2825,2855,441.41,2558.59,438.81,99.41,17.15,1,91.0,-380.76,19.96,17.36,-2.6,2838.14,2764.19,0.0,0.0,2781.01,1.5594,2.8598,3.1658,0,11,2018,0,CAUTION,0.25,19,WIN
IC6_3DTE_D12_TP40,iron_condor,3,0.12,30,2018-11-07,2018-11-12,2018-11-12,expiry,5,2813.889892578125,2760,2730,2875,2905,426.29,2573.71,-2576.31,-604.35,-100.1,0,133.3,0.0,16.36,20.45,4.09,2833.64,2763.65,0.0,1.0,2726.22,-3.1156,1.9151,2.1717,2,11,2018,1,CAUTION,0.25,21,LOSS
IC3_1DTE_D10_TP50,iron_condor,1,0.1,30,2018-11-09,2018-11-12,2018-11-12,expiry,3,2781.010009765625,2745,2715,2820,2850,251.19,2748.81,-1629.41,-648.68,-59.28,0,0.0,0.0,17.36,20.45,3.09,2829.09,2763.03,0.0,1.0,2726.22,-1.9701,1.2949,1.402,4,11,2018,1,CAUTION,0.25,23,LOSS
IC6_3DTE_D12_TP40,iron_condor,3,0.12,30,2018-11-19,2018-11-23,2018-11-23,expiry,4,2690.72998046875,2615,2585,2775,2805,461.26,2538.74,458.66,99.44,18.07,1,0.0,-346.59,20.1,21.52,1.42,2808.96,2760.9,0.0,0.0,2632.56,-2.1619,2.8145,3.1319,0,11,2018,-1,CAUTION,0.25,29,WIN
IC9_7DTE_D12_TP30,iron_condor,7,0.12,50,2018-11-21,2018-11-26,2018-11-30,profit_target,5,2649.929931640625,2550,2500,2765,2815,734.7,4265.3,434.23,59.1,10.18,1,479.43,0.0,20.8,18.9,-1.9,2799.26,2760.48,0.0,0.0,2673.45,0.8876,3.771,4.3424,2,11,2018,0,BEAR,0.0,2,WIN
IC6_3DTE_D12_TP40,iron_condor,3,0.12,30,2018-11-23,2018-11-28,2018-11-28,expiry,5,2632.56005859375,2565,2535,2710,2740,445.62,2554.38,-2556.98,-573.8,-100.1,0,137.89,0.0,21.52,18.49,-3.03,2793.83,2760.73,0.0,0.0,2743.79,4.2252,2.5663,2.9416,4,11,2018,0,BEAR,0.0,3,LOSS
IC6_3DTE_D12_TP40,iron_condor,3,0.12,30,2018-11-29,2018-12-04,2018-12-04,expiry,5,2737.800048828125,2675,2645,2805,2835,437.25,2562.75,434.65,99.41,16.96,1,107.73,-65.75,18.79,20.74,1.95,2778.45,2761.73,0.0,0.0,2700.06,-1.3785,2.2938,2.4545,3,11,2018,0,CAUTION,0.25,4,WIN
IC3_1DTE_D10_TP50,iron_condor,1,0.1,30,2018-12-03,2018-12-04,2018-12-04,expiry,1,2790.3701171875,2755,2725,2830,2860,206.72,2793.28,-2795.88,-1352.47,-100.09,0,0.0,0.0,16.44,20.74,4.3,2772.26,2762.17,1.0,1.0,2700.06,-3.2365,1.2676,1.4202,0,12,2018,4,CAUTION,0.25,6,LOSS
IC3_1DTE_D10_TP50,iron_condor,1,0.1,30,2018-12-03,2018-12-04,2018-12-06,stop_loss,1,2790.3701171875,2730,2700,2855,2885,341.63,2658.37,-1537.58,-450.07,-57.84,0,0.0,-1492.38,16.44,20.74,4.3,2772.26,2762.17,1.0,1.0,2700.06,-3.2365,2.1635,2.3162,0,12,2018,4,CAUTION,0.25,6,LOSS
IC3_1DTE_D10_TP50,iron_condor,1,0.1,30,2018-12-03,2018-12-04,2018-12-05,stop_loss,1,2790.3701171875,2740,2710,2845,2875,279.0,2721.0,-2016.02,-722.59,-74.09,0,0.0,-1970.82,16.44,20.74,4.3,2772.26,2762.17,1.0,1.0,2700.06,-3.2365,1.8051,1.9578,0,12,2018,4,CAUTION,0.25,6,LOSS
IC6_3DTE_D12_TP40,iron_condor,3,0.12,30,2018-12-03,2018-12-04,2018-12-06,stop_loss,1,2790.3701171875,2735,2705,2850,2880,420.94,2579.06,-1570.05,-372.99,-60.88,0,0.0,-1524.85,16.44,20.74,4.3,2772.26,2762.17,1.0,1.0,2700.06,-3.2365,1.9843,2.137,0,12,2018,4,CAUTION,0.25,6,LOSS
IC6_3DTE_D12_TP40,iron_condor,3,0.12,30,2018-12-13,2018-12-17,2018-12-18,stop_loss,4,2650.5400390625,2585,2555,2725,2755,439.11,2560.89,-1772.31,-403.62,-69.21,0,0.0,-1727.11,20.65,24.52,3.87,2736.02,2759.66,0.0,0.0,2545.94,-3.9464,2.4727,2.8092,3,12,2018,0,CAUTION,0.25,13,LOSS
IC6_3DTE_D12_TP40,iron_condor,3,0.12,30,2018-12-17,2018-12-21,2018-12-21,expiry,4,2545.93994140625,2460,2430,2645,2675,486.22,2513.78,-2516.38,-517.54,-100.1,0,83.22,-435.89,24.52,30.11,5.59,2722.4,2758.55,0.0,0.0,2416.62,-5.0795,3.3756,3.8909,0,12,2018,-1,CAUTION,0.25,15,LOSS
IC6_3DTE_D12_TP40,iron_condor,3,0.12,30,2018-12-21,2018-12-26,2018-12-26,expiry,5,2416.6201171875,2330,2300,2515,2545,498.01,2501.99,495.41,99.48,19.8,1,0.0,-488.52,30.11,30.41,0.3,2692.42,2753.66,0.0,0.0,2467.7,2.1137,3.5843,4.071,4,12,2018,-3,BEAR,0.0,4,WIN
IC6_3DTE_D12_TP40,iron_condor,3,0.12,30,2019-01-17,2019-01-22,2019-01-22,expiry,5,2635.9599609375,2580,2550,2700,2730,425.25,2574.75,422.65,99.39,16.42,1,0.0,-68.97,18.06,20.8,2.74,2626.8,2740.99,1.0,0.0,2632.9,-0.1161,2.1229,2.4295,3,1,2019,1,CAUTION,0.25,8,WIN
IC6_3DTE_D12_TP40,iron_condor,3,0.12,30,2019-01-28,2019-02-01,2019-02-01,expiry,4,2643.85009765625,2575,2545,2720,2750,464.65,2535.35,462.05,99.44,18.22,1,127.56,0.0,18.87,16.14,-2.73,2612.23,2741.34,1.0,0.0,2706.53,2.3708,2.6042,2.8803,0,1,2019,2,CAUTION,0.25,14,WIN
IC9_7DTE_D12_TP30,iron_condor,7,0.12,50,2019-05-08,2019-05-10,2019-05-17,profit_target,2,2879.419921875,2775,2725,2995,3045,720.89,4279.11,460.58,63.89,10.76,1,505.78,0.0,19.4,16.04,-3.36,2858.46,2775.42,1.0,1.0,2881.4,0.0688,3.6264,4.014,2,5,2019,4,NEUTRAL,1.0,2,WIN
IC3_1DTE_D10_TP50,iron_condor,1,0.1,30,2019-05-10,2019-05-13,2019-05-13,expiry,3,2881.39990234375,2845,2815,2920,2950,211.96,2788.04,-2790.64,-1316.59,-100.09,0,0.0,0.0,16.04,20.55,4.51,2861.97,2776.04,1.0,1.0,2811.87,-2.4131,1.2633,1.3396,4,5,2019,4,NEUTRAL,1.0,4,LOSS
IC9_7DTE_D12_TP30,iron_condor,7,0.12,50,2019-05-29,2019-06-04,2019-06-07,profit_target,6,2783.02001953125,2690,2640,2890,2940,653.04,4346.96,478.42,73.26,11.01,1,523.62,0.0,17.9,16.97,-0.93,2872.54,2776.07,0.0,1.0,2803.27,0.7276,3.3424,3.844,2,5,2019,2,NEUTRAL,1.0,16,WIN
IC3_1DTE_D10_TP50,iron_condor,1,0.1,30,2019-06-03,2019-06-04,2019-06-04,expiry,1,2744.449951171875,2705,2675,2785,2815,269.26,2730.74,-1560.35,-579.5,-57.14,0,0.0,0.0,18.86,16.97,-1.89,2868.01,2775.02,0.0,0.0,2803.27,2.1432,1.4374,1.4775,0,6,2019,0,CAUTION,0.25,2,LOSS
IC6_3DTE_D12_TP40,iron_condor,3,0.12,30,2019-06-17,2019-06-21,2019-06-21,expiry,4,2889.669921875,2830,2800,2960,2990,434.31,2565.69,431.71,99.4,16.83,1,103.1,-287.56,15.35,15.4,0.05,2874.15,2775.27,1.0,1.0,2950.46,2.1037,2.0649,2.4338,0,6,2019,4,NEUTRAL,1.0,3,WIN
IC6_3DTE_D12_TP40,iron_condor,3,0.12,30,2019-06-27,2019-07-02,2019-07-02,expiry,5,2924.919921875,2870,2840,2985,3015,431.55,2568.45,428.95,99.4,16.7,1,149.09,0.0,15.82,12.93,-2.89,2879.89,2776.87,1.0,1.0,2973.01,1.6442,1.8777,2.0541,3,6,2019,5,NEUTRAL,1.0,11,WIN
IC6_3DTE_D12_TP40,iron_condor,3,0.12,30,2019-07-31,2019-08-05,2019-08-05,expiry,5,2980.3798828125,2920,2890,3045,3075,394.34,2605.66,-2608.26,-661.43,-100.1,0,0.0,-225.25,16.12,24.59,8.47,2924.26,2788.38,1.0,1.0,2844.74,-4.5511,2.0259,2.1682,2,7,2019,5,BULL,1.0,7,LOSS
IC9_7DTE_D12_TP30,iron_condor,7,0.12,50,2019-07-31,2019-08-05,2019-08-09,stop_loss,5,2980.3798828125,2895,2845,3080,3130,706.79,4293.21,-2383.89,-337.28,-55.53,0,0.0,-2338.69,16.12,24.59,8.47,2924.26,2788.38,1.0,1.0,2844.74,-4.5511,2.8647,3.3425,2,7,2019,5,BULL,1.0,7,LOSS
IC6_3DTE_D12_TP40,iron_condor,3,0.12,30,2019-08-01,2019-08-05,2019-08-06,stop_loss,4,2953.56005859375,2890,2860,3025,3055,431.28,2568.72,-1854.57,-430.01,-72.2,0,76.37,-1809.37,17.87,24.59,6.72,2926.05,2789.31,1.0,1.0,2844.74,-3.6844,2.152,2.4188,3,8,2019,4,NEUTRAL,1.0,1,LOSS
IC3_1DTE_D10_TP50,iron_condor,1,0.1,30,2019-08-02,2019-08-05,2019-08-05,expiry,3,2932.050048828125,2890,2860,2975,3005,222.83,2777.17,-2779.77,-1247.5,-100.09,0,0.0,0.0,17.61,24.59,6.98,2927.56,2790.21,1.0,1.0,2844.74,-2.9778,1.4342,1.4648,4,8,2019,4,NEUTRAL,1.0,2,LOSS
IC6_3DTE_D12_TP40,iron_condor,3,0.12,30,2019-08-12,2019-08-15,2019-08-15,expiry,3,2882.699951171875,2810,2780,2965,2995,462.44,2537.56,459.84,99.44,18.12,1,81.13,0.0,21.09,21.18,0.09,2939.07,2793.7,0.0,1.0,2847.6,-1.2176,2.5219,2.855,0,8,2019,2,NEUTRAL,1.0,1,WIN
IC6_3DTE_D12_TP40,iron_condor,3,0.12,30,2019-08-15,2019-08-20,2019-08-20,expiry,5,2847.60009765625,2775,2745,2930,2960,452.61,2547.39,450.01,99.43,17.67,1,61.53,-324.84,21.18,17.5,-3.68,2943.88,2796.67,0.0,1.0,2900.51,1.8581,2.5495,2.8937,3,8,2019,2,CAUTION,0.25,2,WIN
IC9_7DTE_D12_TP30,iron_condor,7,0.12,50,2019-08-28,2019-09-03,2019-09-06,profit_target,6,2887.93994140625,2785,2735,3005,3055,722.9,4277.1,481.61,66.62,11.26,1,526.81,0.0,19.35,19.66,0.31,2945.63,2803.82,0.0,1.0,2906.27,0.6347,3.5645,4.0534,2,8,2019,2,NEUTRAL,1.0,6,WIN
IC3_1DTE_D10_TP50,iron_condor,1,0.1,30,2019-09-30,2019-10-02,2019-10-02,expiry,2,2976.739990234375,2925,2895,3035,3065,294.72,2705.28,-2707.88,-918.81,-100.1,0,0.0,-286.87,16.24,20.56,4.32,2948.82,2834.52,1.0,1.0,2887.61,-2.9942,1.7381,1.9572,0,9,2019,5,NEUTRAL,1.0,28,LOSS
IC6_3DTE_D12_TP40,iron_condor,3,0.12,30,2019-09-30,2019-10-02,2019-10-03,stop_loss,2,2976.739990234375,2920,2890,3040,3070,442.82,2557.18,-1615.0,-364.71,-63.16,0,0.0,-1569.8,16.24,20.56,4.32,2948.82,2834.52,1.0,1.0,2887.61,-2.9942,1.9061,2.1251,0,9,2019,5,NEUTRAL,1.0,28,LOSS
IC6_3DTE_D12_TP40,iron_condor,3,0.12,30,2019-10-02,2019-10-07,2019-10-07,expiry,5,2887.610107421875,2815,2785,2965,2995,465.79,2534.21,463.19,99.44,18.28,1,163.18,-139.59,20.56,17.86,-2.7,2945.57,2837.4,0.0,1.0,2938.79,1.7724,2.5145,2.6801,2,10,2019,3,NEUTRAL,1.0,30,WIN
IC6_3DTE_D12_TP40,iron_condor,3,0.12,30,2019-10-09,2019-10-14,2019-10-14,expiry,5,2919.39990234375,2855,2825,2990,3020,468.31,2531.69,465.71,99.44,18.4,1,176.94,0.0,18.64,14.57,-4.07,2936.18,2848.06,0.0,1.0,2966.15,1.6014,2.2059,2.4183,2,10,2019,3,NEUTRAL,1.0,35,WIN
IC6_3DTE_D12_TP40,iron_condor,3,0.12,30,2020-01-23,2020-01-27,2020-01-28,stop_loss,4,3325.5400390625,3275,3245,3385,3415,393.75,2606.25,-1634.37,-415.08,-62.71,0,0.0,-1589.17,12.98,18.23,5.25,3191.59,3000.77,1.0,1.0,3243.63,-2.4631,1.5198,1.788,3,1,2020,5,NEUTRAL,1.0,32,LOSS
IC9_7DTE_D12_TP30,iron_condor,7,0.12,50,2020-01-29,2020-02-04,2020-02-07,profit_target,6,3273.39990234375,3175,3125,3385,3435,718.16,4281.84,480.62,66.92,11.22,1,525.82,-298.08,16.39,16.05,-0.34,3205.97,3008.4,1.0,1.0,3297.59,0.739,3.006,3.4093,2,1,2020,4,NEUTRAL,1.0,36,WIN
IC6_3DTE_D12_TP40,iron_condor,3,0.12,30,2020-01-31,2020-02-05,2020-02-05,expiry,5,3225.52001953125,3150,3120,3305,3335,459.89,2540.11,-2511.7,-546.15,-98.88,0,138.25,-329.2,18.84,15.15,-3.69,3211.3,3011.88,1.0,1.0,3334.69,3.3846,2.3413,2.4641,4,1,2020,4,NEUTRAL,1.0,38,LOSS
IC9_7DTE_D12_TP30,iron_condor,7,0.12,50,2020-02-19,2020-02-24,2020-02-28,stop_loss,5,3386.14990234375,3300,3250,3490,3540,691.99,4308.01,-2763.33,-399.33,-64.14,0,0.0,-2718.13,14.38,25.03,10.65,3265.43,3037.07,1.0,1.0,3225.89,-4.7328,2.5442,3.0669,2,2,2020,4,NEUTRAL,1.0,50,LOSS
IC6_3DTE_D12_TP40,iron_condor,3,0.12,30,2020-02-19,2020-02-24,2020-02-24,expiry,5,3386.14990234375,3325,3295,3450,3480,410.14,2589.86,-2592.46,-632.09,-100.1,0,61.57,-255.73,14.38,25.03,10.65,3265.43,3037.07,1.0,1.0,3225.89,-4.7328,1.8059,1.8856,2,2,2020,4,NEUTRAL,1.0,50,LOSS
IC6_3DTE_D12_TP40,iron_condor,3,0.12,30,2020-02-20,2020-02-24,2020-02-25,stop_loss,4,3373.22998046875,3310,3280,3445,3475,424.62,2575.38,-2340.39,-551.17,-90.88,0,0.0,-2295.19,15.56,25.03,9.47,3269.97,3039.28,1.0,1.0,3225.89,-4.3679,1.8745,2.1276,3,2,2020,4,NEUTRAL,1.0,51,LOSS
IC3_1DTE_D10_TP50,iron_condor,1,0.1,30,2020-02-21,2020-02-24,2020-02-24,expiry,3,3337.75,3295,3265,3385,3415,274.18,2725.82,-2728.42,-995.12,-100.1,0,0.0,0.0,17.08,25.03,7.95,3274.01,3041.55,1.0,1.0,3225.89,-3.3514,1.2808,1.4156,4,2,2020,4,NEUTRAL,1.0,52,LOSS
IC6_3DTE_D12_TP40,iron_condor,3,0.12,30,2020-02-21,2020-02-24,2020-02-26,stop_loss,3,3337.75,3270,3240,3415,3445,452.61,2547.39,-1560.2,-344.71,-61.25,0,0.0,-1515.0,17.08,25.03,7.95,3274.01,3041.55,1.0,1.0,3225.89,-3.3514,2.0298,2.3144,4,2,2020,4,NEUTRAL,1.0,52,LOSS
IC3_1DTE_D10_TP50,iron_condor,1,0.1,30,2020-02-24,2020-02-25,2020-02-25,expiry,1,3225.889892578125,3160,3130,3295,3325,289.77,2710.23,-2712.83,-936.21,-100.1,0,0.0,0.0,25.03,27.85,2.82,3275.87,3043.28,0.0,1.0,3128.21,-3.028,2.0425,2.1424,0,2,2020,1,CAUTION,0.25,1,LOSS
IC6_3DTE_D12_TP40,iron_condor,3,0.12,30,2020-02-27,2020-03-03,2020-03-03,expiry,5,2978.760009765625,2835,2805,3135,3165,548.97,2451.03,546.37,99.53,22.29,1,145.01,-0.59,39.16,36.82,-2.34,3270.76,3046.57,0.0,0.0,3003.37,0.8262,4.8262,5.2451,3,2,2020,-2,BEAR,0.0,1,WIN
IC3_1DTE_D10_TP50,iron_condor,1,0.1,30,2020-02-28,2020-03-02,2020-03-02,expiry,3,2954.219970703125,2860,2830,3055,3085,364.0,2636.0,-2638.6,-724.89,-100.1,0,0.0,0.0,40.11,33.42,-6.69,3266.02,3047.17,0.0,0.0,3090.23,4.6039,3.1893,3.4114,4,2,2020,-2,BEAR,0.0,2,LOSS
IC6_3DTE_D12_TP40,iron_condor,3,0.12,30,2020-03-05,2020-03-09,2020-03-10,stop_loss,4,3023.93994140625,2880,2850,3185,3215,566.23,2433.77,-2154.37,-380.48,-88.52,0,0.0,-2109.17,39.62,54.46,14.84,3254.77,3051.28,0.0,0.0,2746.56,-9.1728,4.76,5.3262,3,3,2020,-2,BEAR,0.0,6,LOSS
IC6_3DTE_D12_TP40,iron_condor,3,0.12,30,2020-03-06,2020-03-09,2020-03-11,stop_loss,3,2972.3701171875,2820,2790,3140,3170,559.5,2440.5,-1510.96,-270.05,-61.91,0,0.0,-1465.76,41.94,54.46,12.52,3249.73,3051.82,0.0,0.0,2746.56,-7.597,5.1262,5.6396,4,3,2020,-2,BEAR,0.0,7,LOSS
IC3_1DTE_D10_TP50,iron_condor,1,0.1,30,2020-03-06,2020-03-09,2020-03-09,expiry,3,2972.3701171875,2875,2845,3075,3105,396.98,2603.02,-2605.62,-656.36,-100.1,0,0.0,0.0,41.94,54.46,12.52,3249.73,3051.82,0.0,0.0,2746.56,-7.597,3.2758,3.4528,4,3,2020,-2,BEAR,0.0,7,LOSS
IC6_3DTE_D12_TP40,iron_condor,3,0.12,30,2020-03-09,2020-03-11,2020-03-12,profit_target,2,2746.56005859375,2565,2535,2950,2980,576.13,2423.87,447.47,77.67,18.46,1,492.67,-172.47,54.46,53.9,-0.56,3240.2,3051.27,0.0,0.0,2741.38,-0.1886,6.6105,7.4071,0,3,2020,-2,BEAR,0.0,8,WIN
IC3_1DTE_D10_TP50,iron_condor,1,0.1,30,2020-03-09,2020-03-11,2020-03-11,expiry,2,2746.56005859375,2585,2555,2925,2955,460.27,2539.73,457.67,99.44,18.02,1,0.0,-293.26,54.46,53.9,-0.56,3240.2,3051.27,0.0,0.0,2741.38,-0.1886,5.8823,6.4969,0,3,2020,-2,BEAR,0.0,8,WIN
IC9_7DTE_D12_TP30,iron_condor,7,0.12,50,2020-03-11,2020-03-12,2020-03-20,stop_loss,1,2741.3798828125,2480,2430,3065,3115,971.97,4028.03,-1621.04,-166.78,-40.24,0,0.0,-1575.84,53.9,75.47,21.57,3223.07,3051.14,0.0,0.0,2480.64,-9.5113,9.5346,11.805,2,3,2020,-2,BEAR,0.0,10,LOSS
IC6_3DTE_D12_TP40,iron_condor,3,0.12,30,2020-03-12,2020-03-17,2020-03-17,expiry,5,2480.639892578125,2260,2230,2745,2775,594.27,2405.73,591.67,99.56,24.59,1,208.76,-478.57,75.47,75.91,0.44,3208.26,3049.54,0.0,0.0,2529.19,1.9572,8.8945,10.6569,3,3,2020,-2,BEAR,0.0,11,WIN
IC3_1DTE_D10_TP50,iron_condor,1,0.1,30,2020-03-13,2020-03-16,2020-03-16,expiry,3,2711.02001953125,2590,2560,2845,2875,414.57,2585.43,-2588.03,-624.27,-100.1,0,0.0,0.0,57.83,82.69,24.86,3197.86,3049.18,0.0,0.0,2386.13,-11.9841,4.464,4.9421,4,3,2020,-2,BEAR,0.0,12,LOSS
IC6_3DTE_D12_TP40,iron_condor,3,0.12,30,2020-03-13,2020-03-16,2020-03-18,stop_loss,3,2711.02001953125,2525,2495,2925,2955,593.96,2406.04,-1747.12,-294.15,-72.61,0,0.0,-1701.92,57.83,82.69,24.86,3197.86,3049.18,0.0,0.0,2386.13,-11.9841,6.8616,7.893,4,3,2020,-2,BEAR,0.0,12,LOSS
IC3_1DTE_D10_TP50,iron_condor,1,0.1,30,2020-03-16,2020-03-18,2020-03-18,expiry,2,2386.1298828125,2180,2150,2630,2660,486.84,2513.16,484.24,99.47,19.27,1,0.0,-25.33,82.69,76.45,-6.24,3180.43,3047.16,0.0,0.0,2398.1,0.5017,8.6387,10.2203,0,3,2020,-2,BEAR,0.0,13,WIN
IC6_3DTE_D12_TP40,iron_condor,3,0.12,30,2020-03-16,2020-03-18,2020-03-19,profit_target,2,2386.1298828125,2155,2125,2665,2695,602.2,2397.8,497.49,82.61,20.75,1,542.69,0.0,82.69,76.45,-6.24,3180.43,3047.16,0.0,0.0,2398.1,0.5017,9.6864,11.6871,0,3,2020,-2,BEAR,0.0,13,WIN
IC3_1DTE_D10_TP50,iron_condor,1,0.1,30,2020-03-16,2020-03-17,2020-03-17,expiry,1,2386.1298828125,2235,2205,2555,2585,443.9,2556.1,441.3,99.41,17.26,1,0.0,0.0,82.69,75.91,-6.78,3180.43,3047.16,0.0,0.0,2529.19,5.9955,6.3337,7.0772,0,3,2020,-2,BEAR,0.0,13,WIN
IC3_1DTE_D10_TP50,iron_condor,1,0.1,30,2020-03-17,2020-03-20,2020-03-20,expiry,3,2529.18994140625,2285,2255,2825,2855,493.81,2506.19,491.21,99.47,19.6,1,198.51,-180.09,75.91,66.04,-9.87,3166.31,3046.05,0.0,0.0,2304.92,-8.8673,9.6549,11.6958,1,3,2020,-2,BEAR,0.0,14,WIN
IC6_3DTE_D12_TP40,iron_condor,3,0.12,30,2020-03-19,2020-03-24,2020-03-24,expiry,5,2409.389892578125,2205,2175,2650,2680,598.57,2401.43,595.97,99.57,24.82,1,0.0,-290.2,72.0,61.67,-10.33,3132.79,3042.35,0.0,0.0,2447.33,1.5747,8.4831,9.9863,3,3,2020,-2,BEAR,0.0,16,WIN
IC6_3DTE_D12_TP40,iron_condor,3,0.12,30,2020-03-20,2020-03-25,2020-03-25,expiry,5,2304.919921875,2125,2095,2515,2545,587.4,2412.6,584.8,99.56,24.24,1,107.78,0.0,66.04,63.95,-2.09,3113.83,3039.74,0.0,0.0,2475.56,7.4033,7.8059,9.1144,4,3,2020,-3,BEAR,0.0,17,WIN
IC3_1DTE_D10_TP50,iron_condor,1,0.1,30,2020-03-23,2020-03-24,2020-03-24,expiry,1,2237.39990234375,2130,2100,2355,2385,393.58,2606.42,-2609.02,-662.9,-100.1,0,0.0,0.0,61.59,61.67,0.08,3093.09,3036.71,0.0,0.0,2447.33,9.3828,4.8002,5.2561,0,3,2020,-3,BEAR,0.0,18,LOSS
IC3_1DTE_D10_TP50,iron_condor,1,0.1,30,2020-03-24,2020-03-27,2020-03-27,expiry,3,2447.330078125,2250,2220,2675,2705,468.87,2531.13,466.27,99.45,18.42,1,144.21,-355.62,61.67,65.54,3.87,3076.73,3034.58,0.0,0.0,2541.47,3.8466,8.0631,9.3028,1,3,2020,-3,BEAR,0.0,19,WIN
IC6_3DTE_D12_TP40,iron_condor,3,0.12,30,2020-03-26,2020-03-30,2020-03-31,profit_target,4,2630.070068359375,2440,2410,2850,2880,594.59,2405.41,484.21,81.44,20.13,1,529.41,-115.91,61.0,57.08,-3.92,3047.41,3031.25,0.0,0.0,2626.65,-0.13,7.2268,8.3621,3,3,2020,-3,BEAR,0.0,21,WIN
IC6_3DTE_D12_TP40,iron_condor,3,0.12,30,2020-03-27,2020-03-31,2020-04-01,profit_target,4,2541.469970703125,2345,2315,2775,2805,587.99,2412.01,504.38,85.78,20.91,1,549.58,0.0,65.54,53.54,-12.0,3032.46,3029.55,0.0,0.0,2584.59,1.6967,7.7306,9.1888,4,3,2020,-3,BEAR,0.0,22,WIN
IC3_1DTE_D10_TP50,iron_condor,1,0.1,30,2020-03-27,2020-03-30,2020-03-30,expiry,3,2541.469970703125,2415,2385,2680,2710,445.83,2554.17,443.23,99.42,17.35,1,0.0,0.0,65.54,57.08,-8.46,3032.46,3029.55,0.0,0.0,2626.65,3.3516,4.9763,5.4508,4,3,2020,-3,BEAR,0.0,22,WIN
IC3_1DTE_D10_TP50,iron_condor,1,0.1,30,2020-03-30,2020-04-02,2020-04-02,expiry,3,2626.64990234375,2430,2400,2850,2880,473.15,2526.85,470.55,99.45,18.62,1,187.62,-332.82,57.08,50.91,-6.17,3018.65,3028.23,0.0,0.0,2526.9,-3.7976,7.4867,8.5032,0,3,2020,-3,BEAR,0.0,23,WIN
IC6_3DTE_D12_TP40,iron_condor,3,0.12,30,2020-03-30,2020-04-02,2020-04-02,expiry,3,2626.64990234375,2445,2415,2835,2865,565.06,2434.94,562.46,99.54,23.1,1,202.27,-418.91,57.08,50.91,-6.17,3018.65,3028.23,0.0,0.0,2526.9,-3.7976,6.9156,7.9322,0,3,2020,-3,BEAR,0.0,23,WIN
IC6_3DTE_D12_TP40,iron_condor,3,0.12,30,2020-04-02,2020-04-07,2020-04-07,expiry,5,2526.89990234375,2370,2340,2705,2735,547.48,2452.52,544.88,99.53,22.22,1,212.27,-144.37,50.91,46.7,-4.21,2970.85,3022.67,0.0,0.0,2659.41,5.244,6.2092,7.0482,3,4,2020,-3,BEAR,0.0,26,WIN
IC3_1DTE_D10_TP50,iron_condor,1,0.1,30,2020-04-03,2020-04-06,2020-04-06,expiry,3,2488.64990234375,2400,2370,2585,2615,398.47,2601.53,-2604.13,-653.53,-100.1,0,0.0,0.0,46.8,45.24,-1.56,2954.11,3020.48,0.0,0.0,2663.68,7.0331,3.5622,3.8716,4,4,2020,-3,BEAR,0.0,27,LOSS
IC3_1DTE_D10_TP50,iron_condor,1,0.1,30,2020-04-06,2020-04-09,2020-04-09,expiry,3,2663.679931640625,2505,2475,2845,2875,445.56,2554.44,442.96,99.42,17.34,1,217.74,0.0,45.24,41.67,-3.57,2941.48,3019.03,0.0,0.0,2789.82,4.7356,5.9572,6.8071,0,4,2020,-3,BEAR,0.0,28,WIN
IC6_3DTE_D12_TP40,iron_condor,3,0.12,30,2020-04-06,2020-04-10,2020-04-10,expiry,4,2663.679931640625,2495,2465,2855,2885,563.25,2436.75,560.65,99.54,23.01,1,152.13,0.0,45.24,45.24,0.0,2941.48,3019.03,0.0,0.0,2663.68,0.0,6.3326,7.1825,0,4,2020,-3,BEAR,0.0,28,WIN
IC3_1DTE_D10_TP50,iron_condor,1,0.1,30,2020-04-07,2020-04-10,2020-04-10,expiry,3,2659.409912109375,2495,2465,2845,2875,448.88,2551.12,446.28,99.42,17.49,1,0.0,-67.57,46.7,46.7,0.0,2929.79,3017.57,0.0,0.0,2659.41,0.0,6.1822,6.9786,1,4,2020,-3,BEAR,0.0,29,WIN
IC6_3DTE_D12_TP40,iron_condor,3,0.12,30,2020-04-08,2020-04-13,2020-04-13,expiry,5,2749.97998046875,2605,2575,2910,2940,558.73,2441.27,556.13,99.53,22.78,1,186.66,0.0,43.35,41.17,-2.18,2919.27,3016.59,0.0,0.0,2761.63,0.4236,5.272,5.819,2,4,2020,-3,BEAR,0.0,30,WIN
IC9_7DTE_D12_TP30,iron_condor,7,0.12,50,2020-04-08,2020-04-13,2020-04-17,profit_target,5,2749.97998046875,2535,2485,3005,3055,930.93,4069.07,530.99,57.04,13.05,1,576.19,0.0,43.35,41.17,-2.18,2919.27,3016.59,0.0,0.0,2761.63,0.4236,7.8175,9.2735,2,4,2020,-3,BEAR,0.0,30,WIN
IC6_3DTE_D12_TP40,iron_condor,3,0.12,30,2020-04-13,2020-04-15,2020-04-16,profit_target,2,2761.6298828125,2625,2595,2915,2945,557.92,2442.08,422.44,75.72,17.3,1,467.64,-37.74,41.17,40.84,-0.33,2899.15,3015.2,0.0,0.0,2783.36,0.7869,4.9474,5.5536,0,4,2020,-3,BEAR,0.0,32,WIN
IC3_1DTE_D10_TP50,iron_condor,1,0.1,30,2020-04-13,2020-04-15,2020-04-15,expiry,2,2761.6298828125,2640,2610,2900,2930,425.44,2574.56,422.84,99.39,16.42,1,0.0,-50.3,41.17,40.84,-0.33,2899.15,3015.2,0.0,0.0,2783.36,0.7869,4.4043,5.0105,0,4,2020,-3,BEAR,0.0,32,WIN
IC3_1DTE_D10_TP50,iron_condor,1,0.1,30,2020-04-20,2020-04-22,2020-04-22,expiry,2,2823.159912109375,2690,2660,2970,3000,445.24,2554.76,442.64,99.42,17.33,1,0.0,-208.59,43.83,41.98,-1.85,2852.64,3011.83,0.0,0.0,2799.31,-0.8448,4.7167,5.2013,0,4,2020,-2,BEAR,0.0,37,WIN
IC3_1DTE_D10_TP50,iron_condor,1,0.1,30,2020-05-11,2020-05-13,2020-05-13,expiry,2,2930.18994140625,2840,2810,3025,3055,374.49,2625.51,-1628.11,-434.76,-62.01,0,0.0,-312.26,27.57,35.28,7.71,2729.71,3001.6,1.0,0.0,2820.0,-3.7605,3.078,3.2356,0,5,2020,1,CAUTION,0.25,10,LOSS
IC9_7DTE_D12_TP30,iron_condor,7,0.12,50,2020-05-20,2020-05-26,2020-05-29,profit_target,6,2971.610107421875,2820,2770,3145,3195,857.45,4142.55,588.53,68.64,14.21,1,633.73,-33.25,27.99,28.01,0.02,2717.83,2999.02,1.0,0.0,2991.77,0.6784,5.102,5.8349,2,5,2020,1,CAUTION,0.25,17,WIN
IC6_3DTE_D12_TP40,iron_condor,3,0.12,30,2020-06-01,2020-06-04,2020-06-04,expiry,3,3055.72998046875,2950,2920,3170,3200,518.93,2481.07,516.33,99.5,20.81,1,200.89,0.0,28.23,25.81,-2.42,2785.95,3002.97,1.0,1.0,3112.35,1.8529,3.4601,3.7395,0,6,2020,2,CAUTION,0.25,24,WIN
IC9_7DTE_D12_TP30,iron_condor,7,0.12,50,2020-06-03,2020-06-10,2020-06-12,profit_target,7,3122.8701171875,2975,2925,3290,3340,834.9,4165.1,473.44,56.71,11.37,1,518.64,-294.36,25.66,27.57,1.91,2819.17,3005.31,1.0,1.0,3190.14,2.1541,4.7351,5.3518,2,6,2020,4,NEUTRAL,1.0,2,WIN
IC6_3DTE_D12_TP40,iron_condor,3,0.12,30,2020-06-08,2020-06-11,2020-06-12,stop_loss,3,3232.389892578125,3115,3085,3365,3395,515.74,2484.26,-2210.05,-428.52,-88.96,0,119.81,-2164.85,25.81,40.79,14.98,2858.89,3009.26,1.0,1.0,3002.1,-7.1244,3.6317,4.1025,0,6,2020,4,NEUTRAL,1.0,5,LOSS
IC3_1DTE_D10_TP50,iron_condor,1,0.1,30,2020-06-09,2020-06-11,2020-06-12,stop_loss,2,3207.179931640625,3090,3060,3335,3365,428.52,2571.48,-2090.08,-487.74,-81.28,0,152.39,-2044.88,27.57,40.79,13.22,2872.2,3010.68,1.0,1.0,3002.1,-6.3944,3.6537,3.9854,1,6,2020,4,NEUTRAL,1.0,6,LOSS
IC9_7DTE_D12_TP30,iron_condor,7,0.12,50,2020-06-10,2020-06-11,2020-06-19,stop_loss,1,3190.139892578125,3030,2980,3375,3425,865.64,4134.36,-1849.25,-213.63,-44.73,0,0.0,-1804.05,27.57,40.79,13.22,2883.47,3012.39,1.0,1.0,3002.1,-5.8944,5.0198,5.7947,2,6,2020,4,NEUTRAL,1.0,7,LOSS
IC6_3DTE_D12_TP40,iron_condor,3,0.12,30,2020-06-10,2020-06-11,2020-06-15,stop_loss,1,3190.139892578125,3085,3055,3310,3340,520.62,2479.38,-1728.96,-332.1,-69.73,0,0.0,-1683.76,27.57,40.79,13.22,2883.47,3012.39,1.0,1.0,3002.1,-5.8944,3.2958,3.7572,2,6,2020,4,NEUTRAL,1.0,7,LOSS
IC9_7DTE_D12_TP30,iron_condor,7,0.12,50,2020-06-17,2020-06-22,2020-06-26,profit_target,5,3113.489990234375,2925,2875,3335,3385,903.7,4096.3,519.58,57.49,12.68,1,564.78,0.0,33.47,31.77,-1.7,2935.75,3016.7,1.0,1.0,3117.86,0.1404,6.054,7.1145,2,6,2020,3,CAUTION,0.25,5,WIN
IC6_3DTE_D12_TP40,iron_condor,3,0.12,30,2020-06-18,2020-06-22,2020-06-23,profit_target,4,3115.340087890625,2990,2960,3255,3285,529.61,2470.39,426.45,80.52,17.26,1,471.65,0.0,32.94,31.77,-1.17,2944.87,3017.75,1.0,1.0,3117.86,0.0809,4.0233,4.483,3,6,2020,3,NEUTRAL,1.0,1,WIN
IC6_3DTE_D12_TP40,iron_condor,3,0.12,30,2020-10-19,2020-10-21,2020-10-22,profit_target,2,3426.919921875,3305,3275,3560,3590,540.14,2459.86,425.12,78.71,17.28,1,470.32,0.0,29.18,28.65,-0.53,3400.87,3124.54,1.0,1.0,3435.56,0.2521,3.5577,3.8834,0,10,2020,3,NEUTRAL,1.0,5,WIN
IC6_3DTE_D12_TP40,iron_condor,3,0.12,30,2020-10-23,2020-10-28,2020-10-28,expiry,5,3465.389892578125,3350,3320,3595,3625,527.69,2472.31,-2474.91,-469.01,-100.11,0,0.0,-282.07,27.55,40.28,12.73,3407.86,3128.47,1.0,1.0,3271.03,-5.6086,3.3298,3.7401,4,10,2020,4,NEUTRAL,1.0,9,LOSS
IC3_1DTE_D10_TP50,iron_condor,1,0.1,30,2020-11-02,2020-11-04,2020-11-04,expiry,2,3310.239990234375,3175,3145,3455,3485,435.43,2564.57,432.83,99.4,16.88,1,143.89,0.0,37.13,29.57,-7.56,3400.88,3129.37,0.0,1.0,3443.44,4.0239,4.0855,4.3731,0,11,2020,0,CAUTION,0.25,6,WIN
IC3_1DTE_D10_TP50,iron_condor,1,0.1,30,2020-11-02,2020-11-05,2020-11-05,expiry,3,3310.239990234375,3145,3115,3490,3520,450.21,2549.79,-1597.38,-354.81,-62.65,0,100.93,-69.37,37.13,27.58,-9.55,3400.88,3129.37,0.0,1.0,3510.45,6.0482,4.9918,5.4304,0,11,2020,0,CAUTION,0.25,6,LOSS
IC6_3DTE_D12_TP40,iron_condor,3,0.12,30,2020-11-02,2020-11-05,2020-11-05,expiry,3,3310.239990234375,3160,3130,3475,3505,559.66,2440.34,-2442.94,-436.51,-100.11,0,115.06,-153.79,37.13,27.58,-9.55,3400.88,3129.37,0.0,1.0,3510.45,6.0482,4.5386,4.9773,0,11,2020,0,CAUTION,0.25,6,LOSS
IC3_1DTE_D10_TP50,iron_condor,1,0.1,30,2020-11-03,2020-11-06,2020-11-06,expiry,3,3369.159912109375,3210,3180,3545,3575,452.63,2547.37,450.03,99.43,17.67,1,132.28,-186.25,35.55,24.86,-10.69,3399.64,3129.62,0.0,1.0,3509.44,4.1637,4.724,5.2191,1,11,2020,0,CAUTION,0.25,7,WIN
IC6_3DTE_D12_TP40,iron_condor,3,0.12,30,2021-03-01,2021-03-04,2021-03-04,expiry,3,3901.820068359375,3790,3760,4025,4055,514.11,2485.89,-1641.5,-319.29,-66.03,0,75.28,-214.9,23.35,28.57,5.22,3812.54,3452.99,1.0,1.0,3768.47,-3.4176,2.8658,3.157,0,3,2021,4,NEUTRAL,1.0,16,LOSS
IC6_3DTE_D12_TP40,iron_condor,3,0.12,30,2021-03-03,2021-03-05,2021-03-08,profit_target,2,3819.719970703125,3695,3665,3955,3985,541.25,2458.75,431.44,79.71,17.55,1,476.64,-47.8,26.67,24.66,-2.01,3817.87,3462.86,1.0,1.0,3841.94,0.5817,3.2652,3.5416,2,3,2021,4,NEUTRAL,1.0,18,WIN
IC3_1DTE_D10_TP50,iron_condor,1,0.1,30,2021-05-10,2021-05-12,2021-05-12,expiry,2,4188.43017578125,4100,4070,4285,4315,397.81,2602.19,-2604.79,-654.78,-100.1,0,21.56,0.0,19.66,27.59,7.93,4041.08,3683.8,1.0,1.0,4063.04,-2.9937,2.1113,2.3056,0,5,2021,5,BULL,1.0,22,LOSS
IC6_3DTE_D12_TP40,iron_condor,3,0.12,30,2021-05-14,2021-05-19,2021-05-19,expiry,5,4173.85009765625,4080,4050,4280,4310,507.01,2492.99,504.41,99.49,20.23,1,127.43,0.0,18.81,22.18,3.37,4063.9,3701.65,1.0,1.0,4115.68,-1.3937,2.2485,2.5432,4,5,2021,4,NEUTRAL,1.0,4,WIN
IC6_3DTE_D12_TP40,iron_condor,3,0.12,30,2021-07-14,2021-07-19,2021-07-19,expiry,5,4374.2998046875,4285,4255,4470,4500,471.65,2528.35,-2181.92,-462.61,-86.3,0,121.35,0.0,16.33,22.5,6.17,4232.07,3880.54,1.0,1.0,4258.49,-2.6475,2.0415,2.1878,2,7,2021,5,NEUTRAL,1.0,45,LOSS
IC6_3DTE_D12_TP40,iron_condor,3,0.12,30,2021-07-19,2021-07-22,2021-07-22,expiry,3,4258.490234375,4140,4110,4385,4415,530.3,2469.7,527.7,99.51,21.37,1,30.91,-95.08,22.5,17.69,-4.81,4240.31,3895.01,1.0,1.0,4367.48,2.5594,2.7824,2.9708,0,7,2021,3,NEUTRAL,1.0,48,WIN
IC6_3DTE_D12_TP40,iron_condor,3,0.12,30,2021-09-15,2021-09-20,2021-09-20,expiry,5,4480.7001953125,4380,4350,4590,4620,497.75,2502.25,-1731.86,-347.94,-69.21,0,159.95,0.0,18.18,25.71,7.53,4431.69,4094.48,1.0,1.0,4357.73,-2.7444,2.2474,2.4393,2,9,2021,4,NEUTRAL,1.0,2,LOSS
IC6_3DTE_D12_TP40,iron_condor,3,0.12,30,2021-09-17,2021-09-22,2021-09-22,expiry,5,4432.990234375,4320,4290,4555,4585,529.7,2470.3,527.1,99.51,21.34,1,0.0,-417.05,20.81,20.87,0.06,4436.24,4102.59,0.0,1.0,4395.64,-0.8425,2.5488,2.7523,4,9,2021,3,NEUTRAL,1.0,4,WIN
IC3_1DTE_D10_TP50,iron_condor,1,0.1,30,2021-09-27,2021-09-28,2021-09-28,expiry,1,4443.10986328125,4380,4350,4510,4540,358.69,2641.31,-2380.92,-663.79,-90.14,0,0.0,0.0,18.76,23.25,4.49,4441.65,4124.36,1.0,1.0,4352.63,-2.0364,1.4204,1.5055,0,9,2021,4,CAUTION,0.25,6,LOSS
IC6_3DTE_D12_TP40,iron_condor,3,0.12,30,2021-09-29,2021-10-01,2021-10-04,profit_target,2,4359.4599609375,4240,4210,4490,4520,541.49,2458.51,444.05,82.01,18.06,1,489.25,-23.51,22.56,21.1,-1.46,4444.26,4131.26,0.0,1.0,4357.04,-0.0555,2.7402,2.9944,2,9,2021,1,CAUTION,0.25,8,WIN
IC6_3DTE_D12_TP40,iron_condor,3,0.12,30,2021-12-15,2021-12-20,2021-12-20,expiry,5,4709.85009765625,4600,4570,4830,4860,535.15,2464.85,-2467.45,-461.08,-100.11,0,0.0,-316.23,19.29,22.87,3.58,4593.75,4337.95,1.0,1.0,4568.02,-3.0114,2.3323,2.551,2,12,2021,4,NEUTRAL,1.0,4,LOSS
IC6_3DTE_D12_TP40,iron_condor,3,0.12,30,2021-12-16,2021-12-21,2021-12-21,expiry,5,4668.669921875,4550,4520,4795,4825,533.21,2466.79,530.61,99.51,21.51,1,0.0,-386.67,20.57,21.01,0.44,4599.85,4342.45,1.0,1.0,4649.23,-0.4164,2.5418,2.7059,3,12,2021,4,NEUTRAL,1.0,5,WIN
IC6_3DTE_D12_TP40,iron_condor,3,0.12,30,2022-01-12,2022-01-17,2022-01-17,expiry,5,4726.35009765625,4625,4595,4840,4870,500.33,2499.67,497.73,99.48,19.91,1,0.0,-363.98,17.62,17.62,0.0,4680.4,4414.16,1.0,1.0,4726.35,0.0,2.1444,2.4046,2,1,2022,5,NEUTRAL,1.0,12,WIN
IC6_3DTE_D12_TP40,iron_condor,3,0.12,30,2022-01-14,2022-01-19,2022-01-19,expiry,5,4662.85009765625,4555,4525,4785,4815,516.41,2483.59,-1710.21,-331.17,-68.86,0,0.0,-339.22,19.19,23.85,4.66,4681.01,4420.8,0.0,1.0,4532.76,-2.7899,2.313,2.6196,4,1,2022,3,NEUTRAL,1.0,14,LOSS
IC3_1DTE_D10_TP50,iron_condor,1,0.1,30,2022-01-18,2022-01-21,2022-01-21,expiry,3,4577.10986328125,4440,4410,4730,4760,445.03,2554.97,-2557.57,-574.7,-100.1,0,12.29,-188.91,22.79,28.85,6.06,4678.95,4423.3,0.0,1.0,4397.94,-3.9145,2.9956,3.3403,1,1,2022,2,NEUTRAL,1.0,15,LOSS
IC6_3DTE_D12_TP40,iron_condor,3,0.12,30,2022-01-20,2022-01-25,2022-01-25,expiry,5,4482.72998046875,4340,4310,4635,4665,546.26,2453.74,543.66,99.52,22.16,1,84.3,-271.75,25.59,31.16,5.57,4671.28,4427.61,0.0,1.0,4356.45,-2.817,3.184,3.3968,3,1,2022,2,NEUTRAL,1.0,17,WIN
IC6_3DTE_D12_TP40,iron_condor,3,0.12,30,2022-02-09,2022-02-11,2022-02-14,stop_loss,2,4587.18017578125,4475,4445,4710,4740,520.17,2479.83,-1634.94,-314.31,-65.93,0,0.0,-1589.74,19.96,27.36,7.4,4611.9,4449.39,0.0,1.0,4418.64,-3.6742,2.4455,2.6775,2,2,2022,2,CAUTION,0.25,7,LOSS
IC6_3DTE_D12_TP40,iron_condor,3,0.12,30,2022-02-10,2022-02-15,2022-02-15,expiry,5,4504.080078125,4370,4340,4650,4680,526.07,2473.93,523.47,99.51,21.16,1,0.0,-339.07,23.91,25.7,1.79,4610.64,4451.0,0.0,1.0,4471.07,-0.7329,2.9769,3.2397,3,2,2022,1,CAUTION,0.25,8,WIN
IC9_7DTE_D12_TP30,iron_condor,7,0.12,50,2022-02-16,2022-02-23,2022-02-25,stop_loss,7,4475.009765625,4275,4225,4705,4755,898.37,4101.63,-2055.57,-228.81,-50.12,0,0.0,-2010.37,24.29,31.02,6.73,4601.56,4456.08,0.0,1.0,4225.5,-5.5756,4.4695,5.1394,2,2,2022,1,BEAR,0.0,3,LOSS
IC6_3DTE_D12_TP40,iron_condor,3,0.12,30,2022-02-17,2022-02-22,2022-02-22,expiry,5,4380.259765625,4230,4200,4545,4575,561.79,2438.21,559.19,99.54,22.93,1,168.15,0.0,28.11,28.81,0.7,4595.43,4457.14,0.0,0.0,4304.76,-1.7236,3.4304,3.761,3,2,2022,-2,BEAR,0.0,4,WIN
IC9_7DTE_D12_TP30,iron_condor,7,0.12,50,2022-03-02,2022-03-09,2022-03-11,profit_target,7,4386.5400390625,4140,4090,4670,4720,955.59,4044.41,450.41,47.13,11.14,1,495.61,-872.08,30.74,32.45,1.71,4540.16,4463.8,0.0,0.0,4277.88,-2.4771,5.6204,6.462,2,3,2022,-2,BEAR,0.0,2,WIN
IC3_1DTE_D10_TP50,iron_condor,1,0.1,30,2022-03-04,2022-03-07,2022-03-07,expiry,3,4328.8701171875,4220,4190,4445,4475,397.94,2602.06,-1495.67,-375.85,-57.48,0,0.0,0.0,31.98,36.45,4.47,4529.66,4466.05,0.0,0.0,4201.09,-2.9518,2.515,2.6827,4,3,2022,-2,BEAR,0.0,4,LOSS
IC3_1DTE_D10_TP50,iron_condor,1,0.1,30,2022-03-14,2022-03-16,2022-03-16,expiry,2,4173.10986328125,4030,4000,4330,4360,452.47,2547.53,-2336.11,-516.3,-91.7,0,0.0,-15.78,31.77,26.67,-5.1,4463.96,4467.0,0.0,0.0,4357.86,4.4272,3.4293,3.7595,0,3,2022,-2,BEAR,0.0,10,LOSS
IC6_3DTE_D12_TP40,iron_condor,3,0.12,30,2022-03-16,2022-03-21,2022-03-21,expiry,5,4357.85986328125,4215,4185,4515,4545,544.38,2455.62,541.78,99.52,22.06,1,120.09,0.0,26.67,23.53,-3.14,4445.11,4468.07,0.0,0.0,4461.18,2.3709,3.2782,3.6059,2,3,2022,-1,BEAR,0.0,12,WIN
IC6_3DTE_D12_TP40,iron_condor,3,0.12,30,2022-04-13,2022-04-18,2022-04-18,expiry,5,4446.58984375,4330,4300,4575,4605,547.79,2452.21,545.19,99.53,22.23,1,0.0,-61.73,21.82,22.17,0.35,4422.32,4494.76,1.0,0.0,4391.69,-1.2347,2.622,2.8878,2,4,2022,3,CAUTION,0.25,3,WIN
IC6_3DTE_D12_TP40,iron_condor,3,0.12,30,2022-04-14,2022-04-18,2022-04-19,profit_target,4,4392.58984375,4270,4240,4525,4555,535.77,2464.23,425.47,79.41,17.27,1,470.67,0.0,22.7,22.17,-0.53,4418.38,4495.24,0.0,0.0,4391.69,-0.0205,2.7908,3.0144,3,4,2022,0,CAUTION,0.25,4,WIN
IC6_3DTE_D12_TP40,iron_condor,3,0.12,30,2022-04-18,2022-04-21,2022-04-22,profit_target,3,4391.68994140625,4255,4225,4545,4575,541.72,2458.28,461.28,85.15,18.76,1,506.48,-42.08,22.17,22.68,0.51,4416.67,4495.6,0.0,0.0,4393.66,0.0449,3.1125,3.4909,0,4,2022,0,CAUTION,0.25,5,WIN
IC6_3DTE_D12_TP40,iron_condor,3,0.12,30,2022-04-20,2022-04-22,2022-04-25,stop_loss,2,4459.4501953125,4350,4320,4580,4610,531.99,2468.01,-1893.75,-355.98,-76.73,0,0.0,-1848.55,20.32,28.21,7.89,4415.41,4496.73,1.0,0.0,4271.78,-4.2084,2.4543,2.7032,2,4,2022,3,CAUTION,0.25,7,LOSS
IC9_7DTE_D12_TP30,iron_condor,7,0.12,50,2022-04-20,2022-04-22,2022-04-29,stop_loss,2,4459.4501953125,4295,4245,4650,4700,874.53,4125.47,-1696.78,-194.02,-41.13,0,0.0,-1651.58,20.32,28.21,7.89,4415.41,4496.73,1.0,0.0,4271.78,-4.2084,3.6877,4.2729,2,4,2022,3,CAUTION,0.25,7,LOSS
IC3_1DTE_D10_TP50,iron_condor,1,0.1,30,2022-04-25,2022-04-26,2022-04-26,expiry,1,4296.1201171875,4205,4175,4390,4420,393.02,2606.98,-2589.56,-658.88,-99.33,0,0.0,0.0,27.02,33.52,6.5,4402.39,4496.29,0.0,0.0,4175.2,-2.8146,2.121,2.1852,0,4,2022,0,CAUTION,0.25,10,LOSS
IC3_1DTE_D10_TP50,iron_condor,1,0.1,30,2022-05-06,2022-05-09,2022-05-09,expiry,3,4123.33984375,4025,3995,4225,4255,394.91,2605.09,-2607.69,-660.32,-100.1,0,0.0,0.0,30.19,34.75,4.56,4369.7,4489.08,0.0,0.0,3991.24,-3.2037,2.385,2.4655,4,5,2022,-3,BEAR,0.0,2,LOSS
IC3_1DTE_D10_TP50,iron_condor,1,0.1,30,2022-05-09,2022-05-10,2022-05-10,expiry,1,3991.239990234375,3885,3855,4105,4135,424.57,2575.43,421.97,99.39,16.38,1,0.0,0.0,34.75,32.99,-1.76,4361.83,4486.97,0.0,0.0,4001.05,0.2458,2.6618,2.8502,0,5,2022,-3,BEAR,0.0,3,WIN
IC3_1DTE_D10_TP50,iron_condor,1,0.1,30,2022-05-24,2022-05-27,2022-05-27,expiry,3,3941.47998046875,3785,3755,4110,4140,447.03,2552.97,-2555.57,-571.68,-100.1,0,163.73,-75.45,29.45,25.72,-3.73,4293.48,4462.37,0.0,0.0,4158.24,5.4995,3.9701,4.2756,1,5,2022,-3,BEAR,0.0,14,LOSS
IC9_7DTE_D12_TP30,iron_condor,7,0.12,50,2022-05-25,2022-06-01,2022-06-03,profit_target,7,3978.72998046875,3775,3725,4215,4265,937.38,4062.62,511.72,54.59,12.6,1,556.92,-569.93,28.37,25.69,-2.68,4287.8,4460.08,0.0,0.0,4101.23,3.0789,5.1205,5.9383,2,5,2022,-3,BEAR,0.0,15,WIN
IC6_3DTE_D12_TP40,iron_condor,3,0.12,30,2022-06-06,2022-06-08,2022-06-09,profit_target,2,4121.43017578125,3995,3965,4260,4290,537.55,2462.45,431.91,80.35,17.54,1,477.11,0.0,25.07,23.96,-1.11,4241.29,4448.83,0.0,0.0,4115.77,-0.1373,3.0676,3.3622,0,6,2022,-2,BEAR,0.0,22,WIN
IC6_3DTE_D12_TP40,iron_condor,3,0.12,30,2022-06-08,2022-06-10,2022-06-13,stop_loss,2,4115.77001953125,3995,3965,4250,4280,522.27,2477.73,-2139.36,-409.63,-86.34,0,0.0,-2094.16,23.96,27.75,3.79,4224.45,4445.61,0.0,0.0,3900.86,-5.2216,2.9343,3.2614,2,6,2022,-1,BEAR,0.0,24,LOSS
IC9_7DTE_D12_TP30,iron_condor,7,0.12,50,2022-06-08,2022-06-10,2022-06-17,stop_loss,2,4115.77001953125,3935,3885,4325,4375,877.59,4122.41,-1785.85,-203.5,-43.32,0,0.0,-1740.65,23.96,27.75,3.79,4224.45,4445.61,0.0,0.0,3900.86,-5.2216,4.3921,5.0836,2,6,2022,-1,BEAR,0.0,24,LOSS
IC3_1DTE_D10_TP50,iron_condor,1,0.1,30,2022-06-10,2022-06-13,2022-06-13,expiry,3,3900.860107421875,3815,3785,3990,4020,367.91,2632.09,-2634.69,-716.11,-100.1,0,0.0,0.0,27.75,34.02,6.27,4198.14,4440.29,0.0,0.0,3749.63,-3.8768,2.2011,2.2851,4,6,2022,-1,CAUTION,0.25,2,LOSS
IC3_1DTE_D10_TP50,iron_condor,1,0.1,30,2022-06-14,2022-06-17,2022-06-17,expiry,3,3735.47998046875,3575,3545,3915,3945,460.45,2539.55,457.85,99.44,18.03,1,222.81,0.0,32.69,31.13,-1.56,4166.32,4432.82,0.0,0.0,3674.84,-1.6233,4.2961,4.8058,1,6,2022,-2,BEAR,0.0,2,WIN
IC9_7DTE_D12_TP30,iron_condor,7,0.12,50,2022-06-15,2022-06-21,2022-06-24,profit_target,6,3789.989990234375,3585,3535,4025,4075,924.16,4075.84,581.07,62.87,14.26,1,626.27,-610.23,29.62,30.19,0.57,4150.46,4429.12,0.0,0.0,3764.79,-0.6649,5.4087,6.2008,2,6,2022,-2,BEAR,0.0,3,WIN
IC3_1DTE_D10_TP50,iron_condor,1,0.1,30,2022-07-18,2022-07-19,2022-07-19,expiry,1,3830.85009765625,3755,3725,3910,3940,361.05,2638.95,-2310.55,-639.96,-87.56,0,0.0,0.0,25.3,24.5,-0.8,3927.15,4362.08,0.0,0.0,3936.69,2.7628,1.98,2.0661,0,7,2022,-1,CAUTION,0.25,2,LOSS
IC6_3DTE_D12_TP40,iron_condor,3,0.12,30,2022-07-20,2022-07-22,2022-07-25,profit_target,2,3959.89990234375,3845,3815,4085,4115,537.91,2462.09,431.94,80.3,17.54,1,477.14,0.0,23.88,23.03,-0.85,3919.68,4358.24,1.0,0.0,3961.63,0.0437,2.9016,3.1592,2,7,2022,1,CAUTION,0.25,4,WIN
IC6_3DTE_D12_TP40,iron_condor,3,0.12,30,2022-07-25,2022-07-29,2022-07-29,expiry,4,3966.840087890625,3835,3805,4110,4140,538.95,2461.05,-1492.66,-276.96,-60.65,0,167.74,-48.11,23.36,21.33,-2.03,3919.68,4352.83,1.0,0.0,4130.29,4.1204,3.3236,3.6089,0,7,2022,1,CAUTION,0.25,7,LOSS
IC6_3DTE_D12_TP40,iron_condor,3,0.12,30,2022-07-27,2022-08-01,2022-08-01,expiry,5,4023.610107421875,3910,3880,4150,4180,523.91,2476.09,521.31,99.5,21.05,1,87.88,-291.39,23.24,22.84,-0.4,3919.49,4348.6,1.0,0.0,4118.63,2.3616,2.8236,3.1412,2,7,2022,1,CAUTION,0.25,9,WIN
IC3_1DTE_D10_TP50,iron_condor,1,0.1,30,2022-08-09,2022-08-12,2022-08-12,expiry,3,4122.47021484375,4000,3970,4255,4285,402.36,2597.64,-2115.23,-525.71,-81.43,0,20.49,-251.13,21.77,19.53,-2.24,3946.55,4333.85,1.0,0.0,4280.15,3.8249,2.9708,3.2148,1,8,2022,2,NEUTRAL,1.0,1,LOSS
IC9_7DTE_D12_TP30,iron_condor,7,0.12,50,2022-08-10,2022-08-17,2022-08-19,profit_target,7,4210.240234375,4060,4010,4385,4435,855.75,4144.25,595.15,69.55,14.36,1,640.35,0.0,19.74,19.9,0.16,3947.59,4332.17,1.0,0.0,4274.04,1.5153,3.5684,4.1508,2,8,2022,2,NEUTRAL,1.0,2,WIN
IC6_3DTE_D12_TP40,iron_condor,3,0.12,30,2022-08-11,2022-08-16,2022-08-16,expiry,5,4207.27001953125,4105,4075,4320,4350,526.42,2473.58,523.82,99.51,21.18,1,0.0,-218.59,20.2,19.69,-0.51,3949.09,4330.38,1.0,0.0,4305.2,2.3276,2.4308,2.6794,3,8,2022,2,NEUTRAL,1.0,3,WIN
IC6_3DTE_D12_TP40,iron_condor,3,0.12,30,2022-08-18,2022-08-22,2022-08-23,stop_loss,4,4283.740234375,4180,4150,4395,4425,507.14,2492.86,-1530.35,-301.76,-61.39,0,0.0,-1485.15,19.56,23.8,4.24,3964.52,4322.87,1.0,0.0,4137.99,-3.4024,2.4217,2.5973,3,8,2022,2,NEUTRAL,1.0,8,LOSS
IC3_1DTE_D10_TP50,iron_condor,1,0.1,30,2022-08-19,2022-08-22,2022-08-22,expiry,3,4228.47998046875,4160,4130,4300,4330,338.17,2661.83,-1865.4,-551.61,-70.08,0,0.0,0.0,20.6,23.8,3.2,3966.78,4320.86,1.0,0.0,4137.99,-2.14,1.6195,1.6914,4,8,2022,2,NEUTRAL,1.0,9,LOSS
IC6_3DTE_D12_TP40,iron_condor,3,0.12,30,2022-08-24,2022-08-29,2022-08-29,expiry,5,4140.77001953125,4025,3995,4270,4300,513.54,2486.46,510.94,99.49,20.55,1,30.51,-184.09,22.82,26.21,3.39,3981.56,4312.71,1.0,0.0,4030.61,-2.6604,2.7959,3.1209,2,8,2022,1,CAUTION,0.25,3,WIN
IC6_3DTE_D12_TP40,iron_condor,3,0.12,30,2022-09-07,2022-09-12,2022-09-12,expiry,5,3979.8701171875,3860,3830,4110,4140,537.51,2462.49,493.9,91.89,20.06,1,206.8,0.0,24.64,23.87,-0.77,4021.73,4282.03,0.0,0.0,4110.41,3.28,3.0119,3.2697,2,9,2022,-2,BEAR,0.0,1,WIN
IC6_3DTE_D12_TP40,iron_condor,3,0.12,30,2022-09-08,2022-09-13,2022-09-13,expiry,5,4006.179931640625,3890,3860,4135,4165,514.61,2485.39,512.01,99.49,20.6,1,0.0,-282.73,23.61,27.27,3.66,4025.42,4278.57,0.0,0.0,3932.69,-1.8344,2.9,3.2155,3,9,2022,-2,BEAR,0.0,2,WIN
IC3_1DTE_D10_TP50,iron_condor,1,0.1,30,2022-09-12,2022-09-13,2022-09-14,stop_loss,1,4110.41015625,4000,3970,4225,4255,399.96,2600.04,-1973.94,-493.54,-75.92,0,0.0,-1928.74,23.87,27.27,3.4,4036.89,4272.59,1.0,0.0,3932.69,-4.3237,2.6861,2.7878,0,9,2022,0,BEAR,0.0,4,LOSS
IC6_3DTE_D12_TP40,iron_condor,3,0.12,30,2022-09-12,2022-09-13,2022-09-15,stop_loss,1,4110.41015625,3990,3960,4240,4270,537.92,2462.08,-1512.42,-281.16,-61.43,0,0.0,-1467.22,23.87,27.27,3.4,4036.89,4272.59,1.0,0.0,3932.69,-4.3237,2.9294,3.1527,0,9,2022,0,BEAR,0.0,4,LOSS
IC3_1DTE_D10_TP50,iron_condor,1,0.1,30,2022-09-12,2022-09-13,2022-09-15,stop_loss,1,4110.41015625,3980,3950,4255,4285,428.77,2571.23,-1506.04,-351.25,-58.57,0,0.0,-1460.84,23.87,27.27,3.4,4036.89,4272.59,1.0,0.0,3932.69,-4.3237,3.1727,3.5177,0,9,2022,0,BEAR,0.0,4,LOSS
IC3_1DTE_D10_TP50,iron_condor,1,0.1,30,2022-09-12,2022-09-13,2022-09-13,expiry,1,4110.41015625,4035,4005,4190,4220,375.34,2624.66,-2627.26,-699.96,-100.1,0,0.0,0.0,23.87,27.27,3.4,4036.89,4272.59,1.0,0.0,3932.69,-4.3237,1.8346,1.9363,0,9,2022,0,BEAR,0.0,4,LOSS
IC6_3DTE_D12_TP40,iron_condor,3,0.12,30,2022-09-14,2022-09-19,2022-09-19,expiry,5,3946.010009765625,3820,3790,4085,4115,536.62,2463.38,534.02,99.52,21.68,1,107.49,0.0,26.16,25.76,-0.4,4041.33,4265.51,0.0,0.0,3899.89,-1.1688,3.1934,3.5223,2,9,2022,-2,BEAR,0.0,6,WIN
IC3_1DTE_D10_TP50,iron_condor,1,0.1,30,2022-09-20,2022-09-23,2022-09-23,expiry,3,3855.929931640625,3715,3685,4010,4040,429.95,2570.05,-1749.66,-406.95,-68.08,0,0.0,-124.3,27.16,29.92,2.76,4041.91,4251.6,0.0,0.0,3693.23,-4.2195,3.6549,3.9957,1,9,2022,-2,BEAR,0.0,10,LOSS
IC9_7DTE_D12_TP30,iron_condor,7,0.12,50,2022-09-21,2022-09-28,2022-09-30,profit_target,7,3789.929931640625,3595,3545,4015,4065,892.42,4107.58,511.39,57.3,12.45,1,556.59,-553.58,27.99,30.18,2.19,4041.34,4247.85,0.0,0.0,3719.04,-1.8705,5.1434,5.9386,2,9,2022,-2,BEAR,0.0,11,WIN
IC6_3DTE_D12_TP40,iron_condor,3,0.12,30,2022-09-22,2022-09-27,2022-09-27,expiry,5,3757.989990234375,3630,3600,3895,3925,529.83,2470.17,527.23,99.51,21.34,1,0.0,-357.28,27.35,32.6,5.25,4040.46,4243.68,0.0,0.0,3647.29,-2.9457,3.4058,3.6458,3,9,2022,-2,BEAR,0.0,12,WIN
IC6_3DTE_D12_TP40,iron_condor,3,0.12,30,2022-09-30,2022-10-04,2022-10-05,stop_loss,4,3585.6201171875,3445,3415,3740,3770,531.92,2468.08,-1605.91,-301.91,-65.07,0,0.0,-1560.71,31.62,29.07,-2.55,4011.67,4213.04,0.0,0.0,3790.93,5.7259,3.9218,4.3055,4,9,2022,-3,BEAR,0.0,18,LOSS
IC3_1DTE_D10_TP50,iron_condor,1,0.1,30,2022-10-03,2022-10-04,2022-10-04,expiry,1,3678.429931640625,3590,3560,3770,3800,365.68,2634.32,-1729.91,-473.07,-65.67,0,0.0,0.0,30.1,29.07,-1.03,4006.01,4207.88,0.0,0.0,3790.93,3.0584,2.404,2.4894,0,10,2022,-3,BEAR,0.0,19,LOSS
IC3_1DTE_D10_TP50,iron_condor,1,0.1,30,2022-10-03,2022-10-06,2022-10-06,expiry,3,3678.429931640625,3530,3500,3840,3870,442.63,2557.37,440.03,99.41,17.21,1,0.0,-343.58,30.1,30.52,0.42,4006.01,4207.88,0.0,0.0,3744.52,1.7967,4.0351,4.3924,0,10,2022,-3,BEAR,0.0,19,WIN
IC6_3DTE_D12_TP40,iron_condor,3,0.12,30,2022-10-03,2022-10-06,2022-10-06,expiry,3,3678.429931640625,3545,3515,3825,3855,563.59,2436.41,560.99,99.54,23.03,1,0.0,-378.94,30.1,30.52,0.42,4006.01,4207.88,0.0,0.0,3744.52,1.7967,3.6274,3.9846,0,10,2022,-3,BEAR,0.0,19,WIN
IC6_3DTE_D12_TP40,iron_condor,3,0.12,30,2022-10-20,2022-10-25,2022-10-25,expiry,5,3665.780029296875,3530,3500,3815,3845,532.25,2467.75,-2470.35,-464.13,-100.11,0,0.0,-445.72,29.98,28.46,-1.52,3896.0,4139.45,0.0,0.0,3859.11,5.2739,3.704,4.0706,3,10,2022,-3,BEAR,0.0,32,LOSS
IC6_3DTE_D12_TP40,iron_condor,3,0.12,30,2022-10-21,2022-10-26,2022-10-26,expiry,5,3752.75,3615,3585,3905,3935,529.74,2470.26,527.14,99.51,21.34,1,110.45,-51.37,29.69,27.28,-2.41,3886.91,4134.71,0.0,0.0,3830.6,2.0745,3.6706,4.057,4,10,2022,-3,BEAR,0.0,33,WIN
IC9_7DTE_D12_TP30,iron_condor,7,0.12,50,2022-10-26,2022-10-31,2022-11-04,profit_target,5,3830.60009765625,3640,3590,4050,4100,906.45,4093.55,469.13,51.75,11.46,1,514.33,0.0,27.28,25.88,-1.4,3859.0,4121.93,0.0,0.0,3871.98,1.0802,4.9757,5.7276,2,10,2022,-2,BEAR,0.0,36,WIN
IC6_3DTE_D12_TP40,iron_condor,3,0.12,30,2022-10-31,2022-11-03,2022-11-03,expiry,3,3871.97998046875,3750,3720,4005,4035,542.77,2457.23,-2459.83,-453.2,-100.11,0,185.95,-485.81,25.88,25.3,-0.58,3834.88,4109.34,1.0,0.0,3719.89,-3.928,3.1503,3.4355,0,10,2022,0,BEAR,0.0,39,LOSS
IC3_1DTE_D10_TP50,iron_condor,1,0.1,30,2022-10-31,2022-11-03,2022-11-03,expiry,3,3871.97998046875,3740,3710,4020,4050,435.29,2564.71,-1578.32,-362.59,-61.54,0,160.6,-420.18,25.88,25.3,-0.58,3834.88,4109.34,1.0,0.0,3719.89,-3.928,3.4086,3.8229,0,10,2022,0,BEAR,0.0,39,LOSS
IC6_3DTE_D12_TP40,iron_condor,3,0.12,30,2022-11-02,2022-11-04,2022-11-07,profit_target,2,3759.68994140625,3640,3610,3890,3920,526.32,2473.68,425.7,80.88,17.21,1,470.9,0.0,25.86,24.55,-1.31,3821.86,4101.22,0.0,0.0,3770.55,0.2889,3.1835,3.466,2,11,2022,-2,BEAR,0.0,1,WIN
IC6_3DTE_D12_TP40,iron_condor,3,0.12,30,2022-11-03,2022-11-08,2022-11-08,expiry,5,3719.889892578125,3605,3575,3845,3875,531.67,2468.33,529.07,99.51,21.43,1,59.66,-28.79,25.3,25.54,0.24,3813.44,4097.15,0.0,0.0,3828.11,2.9092,3.0885,3.3633,3,11,2022,-2,BEAR,0.0,2,WIN
IC6_3DTE_D12_TP40,iron_condor,3,0.12,30,2022-11-07,2022-11-10,2022-11-10,expiry,3,3806.800048828125,3695,3665,3930,3960,536.88,2463.12,-2102.73,-391.65,-85.37,0,137.13,0.0,24.35,23.53,-0.82,3799.86,4090.64,1.0,0.0,3956.37,3.929,2.9369,3.2363,0,11,2022,0,BEAR,0.0,4,LOSS
IC6_3DTE_D12_TP40,iron_condor,3,0.12,30,2022-11-09,2022-11-10,2022-11-14,stop_loss,1,3748.570068359375,3630,3600,3880,3910,534.83,2465.17,-1829.72,-342.11,-74.22,0,0.0,-1784.52,26.09,23.53,-2.56,3791.05,4084.69,0.0,0.0,3956.37,5.5434,3.1631,3.5061,2,11,2022,-1,CAUTION,0.25,1,LOSS
IC6_3DTE_D12_TP40,iron_condor,3,0.12,30,2022-11-16,2022-11-18,2022-11-21,profit_target,2,3958.7900390625,3840,3810,4085,4115,525.12,2474.88,423.12,80.58,17.1,1,468.32,0.0,24.11,23.12,-0.99,3793.51,4073.12,1.0,0.0,3965.34,0.1655,3.0007,3.1881,2,11,2022,1,CAUTION,0.25,6,WIN
IC9_7DTE_D12_TP30,iron_condor,7,0.12,50,2023-01-18,2023-01-25,2023-01-27,profit_target,7,3928.860107421875,3785,3735,4095,4145,859.67,4140.33,450.08,52.35,10.87,1,495.28,-4.77,20.34,19.08,-1.26,3923.1,3975.16,1.0,0.0,4016.22,2.2235,3.6616,4.2287,2,1,2023,2,NEUTRAL,1.0,1,WIN
IC6_3DTE_D12_TP40,iron_condor,3,0.12,30,2023-01-30,2023-02-02,2023-02-02,expiry,3,4017.77001953125,3920,3890,4125,4155,504.08,2495.92,-2498.52,-495.66,-100.1,0,0.0,-499.1,19.94,18.73,-1.21,3943.52,3955.86,1.0,1.0,4179.76,4.0318,2.4334,2.6689,0,1,2023,4,NEUTRAL,1.0,3,LOSS
IC6_3DTE_D12_TP40,iron_condor,3,0.12,30,2023-01-30,2023-02-02,2023-02-03,stop_loss,3,4017.77001953125,3905,3875,4145,4175,510.01,2489.99,-1508.12,-295.7,-60.57,0,0.0,-1462.92,19.94,18.73,-1.21,3943.52,3955.86,1.0,1.0,4179.76,4.0318,2.8068,3.1667,0,1,2023,4,NEUTRAL,1.0,3,LOSS
IC3_1DTE_D10_TP50,iron_condor,1,0.1,30,2023-01-30,2023-02-02,2023-02-02,expiry,3,4017.77001953125,3910,3880,4135,4165,400.81,2599.19,-2601.79,-649.14,-100.1,0,0.0,-383.88,19.94,18.73,-1.21,3943.52,3955.86,1.0,1.0,4179.76,4.0318,2.6823,2.9178,0,1,2023,4,NEUTRAL,1.0,3,LOSS
IC6_3DTE_D12_TP40,iron_condor,3,0.12,30,2023-02-02,2023-02-07,2023-02-07,expiry,5,4179.759765625,4085,4055,4285,4315,502.63,2497.37,500.03,99.48,20.02,1,0.0,-117.38,18.73,18.66,-0.07,3953.61,3951.58,1.0,1.0,4164.0,-0.377,2.2671,2.5179,3,2,2023,4,NEUTRAL,1.0,6,WIN
IC6_3DTE_D12_TP40,iron_condor,3,0.12,30,2023-02-15,2023-02-20,2023-02-20,expiry,5,4147.60009765625,4055,4025,4250,4280,486.27,2513.73,483.67,99.47,19.24,1,0.0,-273.16,18.23,18.23,0.0,3972.92,3943.88,1.0,1.0,4147.6,0.0,2.2326,2.4689,2,2,2023,4,NEUTRAL,1.0,15,WIN
IC6_3DTE_D12_TP40,iron_condor,3,0.12,30,2023-03-03,2023-03-08,2023-03-08,expiry,5,4045.639892578125,3955,3925,4145,4175,501.45,2498.55,498.85,99.48,19.97,1,189.08,-17.77,18.49,19.11,0.62,3987.48,3940.29,1.0,1.0,3992.01,-1.3256,2.2404,2.456,4,3,2023,3,CAUTION,0.25,2,WIN
IC6_3DTE_D12_TP40,iron_condor,3,0.12,30,2023-03-06,2023-03-09,2023-03-09,expiry,3,4048.419921875,3955,3925,4150,4180,481.27,2518.73,-2521.33,-523.89,-100.1,0,61.71,-283.65,18.61,22.61,4.0,3992.02,3940.08,1.0,1.0,3918.32,-3.2136,2.3076,2.5091,0,3,2023,3,CAUTION,0.25,3,LOSS
IC3_1DTE_D10_TP50,iron_condor,1,0.1,30,2023-03-06,2023-03-09,2023-03-09,expiry,3,4048.419921875,3950,3920,4160,4190,401.99,2598.01,-2600.61,-646.93,-100.1,0,48.12,-289.7,18.61,22.61,4.0,3992.02,3940.08,1.0,1.0,3918.32,-3.2136,2.4311,2.7561,0,3,2023,3,CAUTION,0.25,3,LOSS
IC6_3DTE_D12_TP40,iron_condor,3,0.12,30,2023-03-09,2023-03-14,2023-03-14,expiry,5,3918.320068359375,3810,3780,4035,4065,527.47,2472.53,524.87,99.51,21.23,1,5.74,-165.06,22.61,23.73,1.12,3999.04,3940.94,0.0,0.0,3919.29,0.0248,2.7645,2.9778,3,3,2023,-2,BEAR,0.0,1,WIN
IC3_1DTE_D10_TP50,iron_condor,1,0.1,30,2023-03-28,2023-03-31,2023-03-31,expiry,3,3971.27001953125,3865,3835,4085,4115,412.31,2587.69,-2021.3,-490.24,-78.11,0,0.0,-77.52,19.97,18.7,-1.27,4013.45,3931.54,0.0,1.0,4109.31,3.476,2.676,2.8638,1,3,2023,1,CAUTION,0.25,5,LOSS
IC6_3DTE_D12_TP40,iron_condor,3,0.12,30,2023-03-29,2023-04-03,2023-04-03,expiry,5,4027.81005859375,3935,3905,4130,4160,509.87,2490.13,507.27,99.49,20.37,1,156.02,-205.01,19.12,18.55,-0.57,4014.19,3932.18,1.0,1.0,4124.51,2.4008,2.3042,2.5371,2,3,2023,3,CAUTION,0.25,6,WIN
IC9_7DTE_D12_TP30,iron_condor,7,0.12,50,2023-06-07,2023-06-15,2023-06-16,stop_loss,8,4267.52001953125,4160,4110,4395,4445,738.58,4261.42,-2109.01,-285.55,-49.49,0,196.72,-2063.81,13.94,14.5,0.56,4140.23,3975.14,1.0,1.0,4425.84,3.7099,2.5195,2.9872,2,6,2023,5,NEUTRAL,1.0,11,LOSS
IC6_3DTE_D12_TP40,iron_condor,3,0.12,30,2023-06-09,2023-06-14,2023-06-14,expiry,5,4298.85986328125,4225,4195,4380,4410,433.24,2566.76,430.64,99.4,16.78,1,0.0,-376.31,13.83,13.88,0.05,4152.1,3976.77,1.0,1.0,4372.59,1.7151,1.7181,1.8875,4,6,2023,5,NEUTRAL,1.0,13,WIN
IC6_3DTE_D12_TP40,iron_condor,3,0.12,30,2023-06-26,2023-06-29,2023-06-29,expiry,3,4328.81982421875,4255,4225,4410,4440,479.2,2520.8,476.6,99.46,18.91,1,156.74,-145.71,14.25,13.54,-0.71,4205.95,3994.67,1.0,1.0,4396.44,1.5621,1.7053,1.8753,0,6,2023,5,NEUTRAL,1.0,23,WIN
IC6_3DTE_D12_TP40,iron_condor,3,0.12,30,2023-06-26,2023-06-30,2023-06-30,expiry,4,4328.81982421875,4245,4215,4425,4455,499.74,2500.26,-2040.85,-408.38,-81.63,0,120.65,-89.82,14.25,13.59,-0.66,4205.95,3994.67,1.0,1.0,4450.38,2.8082,1.9363,2.2219,0,6,2023,5,NEUTRAL,1.0,23,LOSS
IC6_3DTE_D12_TP40,iron_condor,3,0.12,30,2023-09-14,2023-09-19,2023-09-19,expiry,5,4505.10009765625,4435,4405,4585,4615,432.68,2567.32,430.08,99.4,16.75,1,0.0,-427.03,12.82,14.11,1.29,4481.74,4179.66,1.0,1.0,4443.95,-1.3573,1.556,1.7735,3,9,2023,4,NEUTRAL,1.0,33,WIN
IC6_3DTE_D12_TP40,iron_condor,3,0.12,30,2023-09-18,2023-09-21,2023-09-21,expiry,3,4453.52978515625,4375,4345,4535,4565,458.22,2541.78,-2544.38,-555.28,-100.1,0,166.06,-15.49,14.0,17.54,3.54,4483.61,4184.57,0.0,1.0,4330.0,-2.7738,1.7633,1.8293,0,9,2023,3,NEUTRAL,1.0,35,LOSS
IC6_3DTE_D12_TP40,iron_condor,3,0.12,30,2023-09-18,2023-09-21,2023-09-22,stop_loss,3,4453.52978515625,4365,4335,4550,4580,481.73,2518.27,-1527.13,-317.01,-60.64,0,109.73,-1481.93,14.0,17.54,3.54,4483.61,4184.57,0.0,1.0,4330.0,-2.7738,1.9879,2.1662,0,9,2023,3,NEUTRAL,1.0,35,LOSS
IC3_1DTE_D10_TP50,iron_condor,1,0.1,30,2023-09-18,2023-09-21,2023-09-21,expiry,3,4453.52978515625,4370,4340,4545,4575,365.67,2634.33,-2636.93,-721.12,-100.1,0,138.11,-27.37,14.0,17.54,3.54,4483.61,4184.57,0.0,1.0,4330.0,-2.7738,1.8756,2.0539,0,9,2023,3,NEUTRAL,1.0,35,LOSS
IC3_1DTE_D10_TP50,iron_condor,1,0.1,30,2023-09-19,2023-09-21,2023-09-22,stop_loss,2,4443.9501953125,4360,4330,4535,4565,372.08,2627.92,-1521.42,-408.9,-57.89,0,0.0,-1476.22,14.11,17.54,3.43,4484.29,4186.39,0.0,1.0,4330.0,-2.5642,1.8891,2.0488,1,9,2023,3,NEUTRAL,1.0,36,LOSS
IC6_3DTE_D12_TP40,iron_condor,3,0.12,30,2023-09-22,2023-09-27,2023-09-27,expiry,5,4320.06005859375,4230,4200,4420,4450,493.08,2506.92,490.48,99.47,19.57,1,185.56,0.0,17.2,18.22,1.02,4476.91,4190.91,0.0,1.0,4274.51,-1.0544,2.0847,2.3134,4,9,2023,3,NEUTRAL,1.0,39,WIN
IC6_3DTE_D12_TP40,iron_condor,3,0.12,30,2023-09-25,2023-09-28,2023-09-28,expiry,3,4337.43994140625,4250,4220,4435,4465,505.67,2494.33,503.07,99.49,20.17,1,0.0,-396.45,16.9,17.34,0.44,4473.55,4192.9,0.0,1.0,4299.7,-0.8701,2.0159,2.2493,0,9,2023,3,NEUTRAL,1.0,40,WIN
IC6_3DTE_D12_TP40,iron_condor,3,0.12,30,2023-09-29,2023-10-04,2023-10-04,expiry,5,4288.0498046875,4195,4165,4390,4420,477.77,2522.23,475.17,99.46,18.84,1,185.26,-44.34,17.52,18.58,1.06,4452.7,4199.46,0.0,1.0,4263.75,-0.5667,2.17,2.3775,4,9,2023,2,NEUTRAL,1.0,44,WIN
IC6_3DTE_D12_TP40,iron_condor,3,0.12,30,2023-10-16,2023-10-20,2023-10-20,expiry,4,4373.6298828125,4270,4240,4490,4520,529.34,2470.66,-2473.26,-467.23,-100.11,0,92.39,-500.64,17.21,21.71,4.5,4402.03,4224.01,0.0,1.0,4224.16,-3.4175,2.3694,2.6607,0,10,2023,2,NEUTRAL,1.0,55,LOSS
IC6_3DTE_D12_TP40,iron_condor,3,0.12,30,2023-10-18,2023-10-23,2023-10-23,expiry,5,4314.60009765625,4215,4185,4425,4455,521.62,2478.38,519.02,99.5,20.94,1,0.0,-487.72,19.22,20.37,1.15,4395.42,4229.01,0.0,1.0,4217.04,-2.2612,2.3084,2.5588,2,10,2023,2,NEUTRAL,1.0,57,WIN
IC6_3DTE_D12_TP40,iron_condor,3,0.12,30,2023-10-19,2023-10-24,2023-10-24,expiry,5,4278.0,4165,4135,4400,4430,519.69,2480.31,517.09,99.5,20.85,1,197.6,-50.88,21.4,18.97,-2.43,4391.63,4231.27,0.0,1.0,4247.68,-0.7087,2.6414,2.8518,3,10,2023,2,NEUTRAL,1.0,58,WIN
IC6_3DTE_D12_TP40,iron_condor,3,0.12,30,2023-10-25,2023-10-30,2023-10-30,expiry,5,4186.77001953125,4085,4055,4300,4330,519.7,2480.3,517.1,99.5,20.85,1,0.0,-71.57,20.19,19.75,-0.44,4371.93,4238.41,0.0,0.0,4166.82,-0.4765,2.4308,2.7045,2,10,2023,0,CAUTION,0.25,4,WIN
IC3_1DTE_D10_TP50,iron_condor,1,0.1,30,2023-10-30,2023-11-02,2023-11-02,expiry,3,4166.81982421875,4055,4025,4285,4315,408.94,2591.06,-2593.66,-634.25,-100.1,0,184.46,0.0,19.75,15.66,-4.09,4357.47,4241.16,0.0,0.0,4317.78,3.6229,2.6836,2.8362,0,10,2023,0,CAUTION,0.25,7,LOSS
IC6_3DTE_D12_TP40,iron_condor,3,0.12,30,2023-11-09,2023-11-14,2023-11-14,expiry,5,4347.35009765625,4265,4235,4435,4465,473.2,2526.8,-2529.4,-534.53,-100.1,0,0.0,-364.27,15.29,14.16,-1.13,4340.1,4254.85,1.0,1.0,4495.7,3.4124,1.8943,2.0162,3,11,2023,4,NEUTRAL,1.0,2,LOSS
IC3_1DTE_D10_TP50,iron_condor,1,0.1,30,2023-11-13,2023-11-14,2023-11-14,expiry,1,4411.5498046875,4360,4330,4465,4495,282.25,2717.75,-2720.35,-963.79,-100.1,0,0.0,0.0,14.76,14.16,-0.6,4336.16,4258.33,1.0,1.0,4495.7,1.9075,1.1685,1.2116,0,11,2023,4,NEUTRAL,1.0,4,LOSS
IC6_3DTE_D12_TP40,iron_condor,3,0.12,30,2023-11-29,2023-12-04,2023-12-04,expiry,5,4550.580078125,4480,4450,4630,4660,460.05,2539.95,457.45,99.43,18.01,1,175.89,0.0,12.98,13.08,0.1,4350.92,4281.56,1.0,1.0,4569.78,0.4219,1.551,1.7453,2,11,2023,5,NEUTRAL,1.0,15,WIN
IC9_7DTE_D12_TP30,iron_condor,7,0.12,50,2023-12-06,2023-12-13,2023-12-15,stop_loss,7,4549.33984375,4440,4390,4675,4725,720.33,4279.67,-2148.95,-298.33,-50.21,0,20.99,-2103.75,12.97,12.19,-0.78,4374.63,4293.55,1.0,1.0,4707.09,3.4675,2.4034,2.7622,2,12,2023,5,NEUTRAL,1.0,20,LOSS
IC6_3DTE_D12_TP40,iron_condor,3,0.12,30,2023-12-15,2023-12-20,2023-12-20,expiry,5,4719.18994140625,4650,4620,4795,4825,471.56,2528.44,468.96,99.45,18.55,1,90.74,0.0,12.28,13.67,1.39,4428.62,4317.27,1.0,1.0,4698.35,-0.4416,1.4661,1.6064,4,12,2023,5,BULL,1.0,1,WIN
IC3_1DTE_D10_TP50,iron_condor,1,0.1,30,2024-04-29,2024-04-30,2024-04-30,expiry,1,5116.169921875,5055,5025,5180,5210,280.8,2719.2,-1652.8,-588.6,-60.78,0,0.0,0.0,14.67,15.65,0.98,5126.06,4692.96,0.0,1.0,5035.69,-1.5731,1.1956,1.2476,0,4,2024,2,NEUTRAL,1.0,72,LOSS
IC6_3DTE_D12_TP40,iron_condor,3,0.12,30,2024-05-03,2024-05-08,2024-05-08,expiry,5,5127.7900390625,5045,5015,5220,5250,492.67,2507.33,490.07,99.47,19.55,1,50.86,-136.12,13.49,13.0,-0.49,5129.98,4703.45,0.0,1.0,5187.67,1.1678,1.6145,1.7982,4,5,2024,2,NEUTRAL,1.0,76,WIN
IC6_3DTE_D12_TP40,iron_condor,3,0.12,30,2024-07-12,2024-07-17,2024-07-17,expiry,5,5615.35009765625,5530,5500,5710,5740,475.89,2524.11,473.29,99.45,18.75,1,118.29,0.0,12.46,14.48,2.02,5362.69,4917.9,1.0,1.0,5588.27,-0.4823,1.5199,1.6856,4,7,2024,5,BULL,1.0,23,WIN
IC6_3DTE_D12_TP40,iron_condor,3,0.12,30,2024-07-15,2024-07-19,2024-07-19,expiry,4,5631.22021484375,5530,5500,5745,5775,531.13,2468.87,-1971.47,-371.18,-79.85,0,52.07,-351.23,13.12,16.52,3.4,5374.95,4924.69,1.0,1.0,5505.0,-2.2414,1.7975,2.0205,0,7,2024,5,BULL,1.0,24,LOSS
IC6_3DTE_D12_TP40,iron_condor,3,0.12,30,2024-07-15,2024-07-18,2024-07-18,expiry,3,5631.22021484375,5540,5510,5730,5760,484.97,2515.03,482.37,99.46,19.18,1,162.2,0.0,13.12,15.93,2.81,5374.95,4924.69,1.0,1.0,5544.59,-1.5384,1.6199,1.7541,0,7,2024,5,BULL,1.0,24,WIN
IC6_3DTE_D12_TP40,iron_condor,3,0.12,30,2024-07-17,2024-07-22,2024-07-22,expiry,5,5588.27001953125,5490,5460,5695,5725,516.5,2483.5,513.9,99.5,20.69,1,0.0,-375.26,14.48,14.91,0.43,5396.22,4938.09,1.0,1.0,5564.41,-0.427,1.7585,1.9099,2,7,2024,4,NEUTRAL,1.0,1,WIN
IC9_7DTE_D12_TP30,iron_condor,7,0.12,50,2024-07-31,2024-08-02,2024-08-09,stop_loss,2,5522.2998046875,5360,5310,5710,5760,893.91,4106.09,-1578.51,-176.59,-38.44,0,0.0,-1533.31,16.36,23.39,7.03,5446.38,4997.2,1.0,1.0,5346.56,-3.1824,2.939,3.3989,2,7,2024,4,NEUTRAL,1.0,11,LOSS
IC6_3DTE_D12_TP40,iron_condor,3,0.12,30,2024-07-31,2024-08-02,2024-08-05,stop_loss,2,5522.2998046875,5410,5380,5645,5675,502.46,2497.54,-1722.09,-342.73,-68.95,0,0.0,-1676.89,16.36,23.39,7.03,5446.38,4997.2,1.0,1.0,5346.56,-3.1824,2.0336,2.2219,2,7,2024,4,NEUTRAL,1.0,11,LOSS
IC3_1DTE_D10_TP50,iron_condor,1,0.1,30,2024-08-02,2024-08-05,2024-08-05,expiry,3,5346.56005859375,5250,5220,5450,5480,401.09,2598.91,-2601.51,-648.61,-100.1,0,0.0,0.0,23.39,38.57,15.18,5449.65,5007.65,0.0,1.0,5186.33,-2.9969,1.806,1.9347,4,8,2024,1,CAUTION,0.25,1,LOSS
IC3_1DTE_D10_TP50,iron_condor,1,0.1,30,2024-08-05,2024-08-06,2024-08-06,expiry,1,5186.330078125,5030,5000,5355,5385,441.24,2558.76,438.64,99.41,17.14,1,0.0,0.0,38.57,27.71,-10.86,5447.24,5011.72,0.0,1.0,5240.03,1.0354,3.0143,3.2522,0,8,2024,0,CAUTION,0.25,2,WIN
IC6_3DTE_D12_TP40,iron_condor,3,0.12,30,2024-08-07,2024-08-12,2024-08-12,expiry,5,5199.5,5020,4990,5395,5425,563.24,2436.76,560.64,99.54,23.01,1,40.82,-89.33,27.85,20.71,-7.14,5444.58,5020.95,0.0,1.0,5344.39,2.7866,3.4523,3.76,2,8,2024,1,CAUTION,0.25,4,WIN
IC6_3DTE_D12_TP40,iron_condor,3,0.12,30,2024-08-09,2024-08-14,2024-08-14,expiry,5,5344.16015625,5210,5180,5490,5520,540.13,2459.87,537.53,99.52,21.85,1,187.06,0.0,20.37,16.19,-4.18,5446.39,5032.07,0.0,1.0,5455.21,2.078,2.5104,2.729,4,8,2024,2,CAUTION,0.25,6,WIN
IC3_1DTE_D10_TP50,iron_condor,1,0.1,30,2024-08-12,2024-08-15,2024-08-15,expiry,3,5344.39013671875,5195,5165,5505,5535,441.53,2558.47,-2561.07,-580.04,-100.1,0,53.8,-78.35,20.71,15.23,-5.48,5448.56,5037.55,0.0,1.0,5543.22,3.7204,2.7953,3.0052,0,8,2024,2,CAUTION,0.25,7,LOSS
IC6_3DTE_D12_TP40,iron_condor,3,0.12,30,2024-08-12,2024-08-15,2024-08-15,expiry,3,5344.39013671875,5210,5180,5495,5525,541.94,2458.06,-2460.66,-454.05,-100.11,0,31.97,-71.26,20.71,15.23,-5.48,5448.56,5037.55,0.0,1.0,5543.22,3.7204,2.5146,2.8181,0,8,2024,2,CAUTION,0.25,7,LOSS
IC9_7DTE_D12_TP30,iron_condor,7,0.12,50,2024-08-14,2024-08-22,2024-08-23,profit_target,8,5455.2099609375,5295,5245,5640,5690,872.06,4127.94,471.65,54.08,11.43,1,516.85,-659.52,16.19,17.55,1.36,5455.14,5050.38,1.0,1.0,5570.64,2.116,2.9368,3.3874,2,8,2024,4,CAUTION,0.25,9,WIN
IC6_3DTE_D12_TP40,iron_condor,3,0.12,30,2024-08-14,2024-08-19,2024-08-19,expiry,5,5455.2099609375,5345,5315,5575,5605,497.84,2502.16,-2504.76,-503.13,-100.1,0,0.0,-337.36,16.19,14.65,-1.54,5455.14,5050.38,1.0,1.0,5608.25,2.8054,2.0203,2.1959,2,8,2024,4,CAUTION,0.25,9,LOSS
IC6_3DTE_D12_TP40,iron_condor,3,0.12,30,2024-10-30,2024-11-04,2024-11-04,expiry,5,5813.669921875,5670,5640,5970,6000,567.45,2432.55,564.85,99.54,23.22,1,46.18,-455.82,20.35,21.98,1.63,5696.89,5349.58,1.0,1.0,5712.69,-1.7369,2.4712,2.689,2,10,2024,4,NEUTRAL,1.0,54,WIN
IC9_7DTE_D12_TP30,iron_condor,7,0.12,50,2024-10-30,2024-11-05,2024-11-08,profit_target,6,5813.669921875,5600,5550,6060,6110,950.14,4049.86,592.23,62.33,14.62,1,637.43,-506.18,20.35,20.49,0.14,5696.89,5349.58,1.0,1.0,5782.76,-0.5317,3.6753,4.2371,2,10,2024,4,NEUTRAL,1.0,54,WIN
IC3_1DTE_D10_TP50,iron_condor,1,0.1,30,2024-11-04,2024-11-06,2024-11-06,expiry,2,5712.68994140625,5575,5545,5860,5890,441.81,2558.19,-2560.79,-579.62,-100.1,0,98.31,0.0,21.98,16.27,-5.71,5703.3,5363.51,1.0,1.0,5929.04,3.7872,2.4102,2.5786,0,11,2024,4,NEUTRAL,1.0,57,LOSS
IC6_3DTE_D12_TP40,iron_condor,3,0.12,30,2024-11-04,2024-11-06,2024-11-07,stop_loss,2,5712.68994140625,5560,5530,5880,5910,568.38,2431.62,-1623.64,-285.66,-66.77,0,87.22,-1578.44,21.98,16.27,-5.71,5703.3,5363.51,1.0,1.0,5929.04,3.7872,2.6728,2.9287,0,11,2024,4,NEUTRAL,1.0,57,LOSS
IC6_3DTE_D12_TP40,iron_condor,3,0.12,30,2024-12-06,2024-12-11,2024-12-11,expiry,5,6090.27001953125,5995,5965,6195,6225,493.34,2506.66,490.74,99.47,19.58,1,34.78,-69.41,12.77,13.58,0.81,5873.42,5481.52,1.0,1.0,6084.19,-0.0998,1.5643,1.7196,4,12,2024,5,NEUTRAL,1.0,80,WIN
IC6_3DTE_D12_TP40,iron_condor,3,0.12,30,2024-12-16,2024-12-18,2024-12-20,stop_loss,2,6074.080078125,5950,5920,6215,6245,533.96,2466.04,-1532.27,-286.96,-62.14,0,3.76,-1487.07,14.69,27.62,12.93,5912.99,5510.56,1.0,1.0,5872.16,-3.3243,2.0428,2.32,0,12,2024,5,NEUTRAL,1.0,86,LOSS
IC3_1DTE_D10_TP50,iron_condor,1,0.1,30,2024-12-16,2024-12-18,2024-12-18,expiry,2,6074.080078125,5975,5945,6180,6210,385.5,2614.5,-2617.1,-678.89,-100.1,0,157.97,0.0,14.69,27.62,12.93,5912.99,5510.56,1.0,1.0,5872.16,-3.3243,1.6312,1.7438,0,12,2024,5,NEUTRAL,1.0,86,LOSS
IC6_3DTE_D12_TP40,iron_condor,3,0.12,30,2024-12-16,2024-12-18,2024-12-19,stop_loss,2,6074.080078125,5965,5935,6195,6225,511.45,2488.55,-1856.78,-363.04,-74.61,0,61.23,-1811.58,14.69,27.62,12.93,5912.99,5510.56,1.0,1.0,5872.16,-3.3243,1.7958,1.9908,0,12,2024,5,NEUTRAL,1.0,86,LOSS
IC3_1DTE_D10_TP50,iron_condor,1,0.1,30,2024-12-16,2024-12-18,2024-12-19,stop_loss,2,6074.080078125,5955,5925,6205,6235,416.97,2583.03,-1860.69,-446.24,-72.03,0,54.58,-1815.49,14.69,27.62,12.93,5912.99,5510.56,1.0,1.0,5872.16,-3.3243,1.9605,2.1554,0,12,2024,5,NEUTRAL,1.0,86,LOSS
IC6_3DTE_D12_TP40,iron_condor,3,0.12,30,2024-12-20,2024-12-25,2024-12-25,expiry,5,5930.85009765625,5795,5765,6075,6105,539.9,2460.1,537.3,99.52,21.84,1,189.09,-22.14,18.36,18.36,0.0,5927.02,5526.81,1.0,1.0,5930.85,0.0,2.2906,2.4305,4,12,2024,4,CAUTION,0.25,3,WIN
IC3_1DTE_D10_TP50,iron_condor,1,0.1,30,2024-12-23,2024-12-26,2024-12-26,expiry,3,5974.06982421875,5840,5810,6120,6150,434.0,2566.0,431.4,99.4,16.81,1,79.47,0.0,16.78,14.73,-2.05,5930.2,5531.06,1.0,1.0,6037.59,1.0633,2.2442,2.4427,0,12,2024,4,CAUTION,0.25,4,WIN
IC6_3DTE_D12_TP40,iron_condor,3,0.12,30,2024-12-23,2024-12-26,2024-12-26,expiry,3,5974.06982421875,5850,5820,6110,6140,519.8,2480.2,517.2,99.5,20.85,1,81.47,0.0,16.78,14.73,-2.05,5930.2,5531.06,1.0,1.0,6037.59,1.0633,2.0768,2.2753,0,12,2024,4,CAUTION,0.25,4,WIN
IC3_1DTE_D10_TP50,iron_condor,1,0.1,30,2025-03-03,2025-03-05,2025-03-05,expiry,2,5849.72021484375,5705,5675,6005,6035,457.82,2542.18,455.22,99.43,17.91,1,0.5,0.0,22.78,21.93,-0.85,5994.14,5723.23,0.0,1.0,5842.63,-0.1212,2.474,2.6545,0,3,2025,1,CAUTION,0.25,1,WIN
IC6_3DTE_D12_TP40,iron_condor,3,0.12,30,2025-03-05,2025-03-10,2025-03-10,expiry,5,5842.6298828125,5685,5655,6015,6045,557.47,2442.53,-2445.13,-438.61,-100.11,0,201.85,-357.12,21.93,27.86,5.93,5988.1,5728.56,0.0,1.0,5614.56,-3.9035,2.6979,2.9502,2,3,2025,2,CAUTION,0.25,3,LOSS
IC3_1DTE_D10_TP50,iron_condor,1,0.1,30,2025-03-07,2025-03-10,2025-03-10,expiry,3,5770.2001953125,5665,5635,5880,5910,414.41,2585.59,-2588.19,-624.54,-100.1,0,0.0,0.0,23.37,27.86,4.49,5982.31,5733.1,0.0,1.0,5614.56,-2.6973,1.8232,1.9029,4,3,2025,1,CAUTION,0.25,5,LOSS
IC6_3DTE_D12_TP40,iron_condor,3,0.12,30,2025-03-10,2025-03-12,2025-03-13,profit_target,2,5614.56005859375,5425,5395,5825,5855,587.27,2412.73,495.82,84.43,20.55,1,541.02,0.0,27.86,24.23,-3.63,5975.12,5734.63,0.0,0.0,5599.3,-0.2718,3.3762,3.7481,0,3,2025,-1,CAUTION,0.25,6,WIN
IC3_1DTE_D10_TP50,iron_condor,1,0.1,30,2025-03-24,2025-03-27,2025-03-27,expiry,3,5767.56982421875,5635,5605,5915,5945,441.78,2558.22,439.18,99.41,17.17,1,201.22,0.0,17.48,18.69,1.21,5914.01,5752.3,0.0,1.0,5693.31,-1.2875,2.2985,2.5562,0,3,2025,2,CAUTION,0.25,16,WIN
IC3_1DTE_D10_TP50,iron_condor,1,0.1,30,2025-03-25,2025-03-28,2025-03-28,expiry,3,5776.64990234375,5645,5615,5920,5950,439.7,2560.3,-2562.9,-582.88,-100.1,0,0.0,-143.06,17.15,21.65,4.5,5913.0,5754.41,0.0,1.0,5580.94,-3.3879,2.279,2.4815,1,3,2025,2,CAUTION,0.25,17,LOSS
IC9_7DTE_D12_TP30,iron_condor,7,0.12,50,2025-03-26,2025-04-02,2025-04-04,profit_target,7,5712.2001953125,5520,5470,5930,5980,907.8,4092.2,581.26,64.03,14.2,1,626.46,-679.35,18.33,21.51,3.18,5910.52,5756.21,0.0,0.0,5670.97,-0.7218,3.3647,3.8129,2,3,2025,0,CAUTION,0.25,18,WIN
IC3_1DTE_D10_TP50,iron_condor,1,0.1,30,2025-04-01,2025-04-03,2025-04-04,stop_loss,2,5633.06982421875,5470,5440,5810,5840,463.96,2536.04,-1724.67,-371.73,-68.01,0,150.69,-1679.47,21.77,30.02,8.25,5886.37,5761.28,0.0,0.0,5396.52,-4.1993,2.8949,3.1409,1,4,2025,0,CAUTION,0.25,22,LOSS
IC9_7DTE_D12_TP30,iron_condor,7,0.12,50,2025-04-02,2025-04-03,2025-04-11,stop_loss,1,5670.97021484375,5450,5400,5925,5975,953.45,4046.55,-1897.85,-199.05,-46.9,0,0.0,-1852.65,21.51,30.02,8.51,5878.8,5762.47,0.0,0.0,5396.52,-4.8396,3.8965,4.4795,2,4,2025,0,CAUTION,0.25,23,LOSS
IC6_3DTE_D12_TP40,iron_condor,3,0.12,30,2025-04-02,2025-04-03,2025-04-07,stop_loss,1,5670.97021484375,5520,5490,5835,5865,548.62,2451.38,-1811.88,-330.26,-73.91,0,0.0,-1766.68,21.51,30.02,8.51,5878.8,5762.47,0.0,0.0,5396.52,-4.8396,2.6622,2.8924,2,4,2025,0,CAUTION,0.25,23,LOSS
IC6_3DTE_D12_TP40,iron_condor,3,0.12,30,2025-04-03,2025-04-04,2025-04-08,stop_loss,1,5396.52001953125,5200,5170,5615,5645,588.42,2411.58,-1592.54,-270.65,-66.04,0,0.0,-1547.34,30.02,45.31,15.29,5865.01,5762.29,0.0,0.0,5074.08,-5.975,3.6416,4.0485,3,4,2025,-2,BEAR,0.0,1,LOSS
IC3_1DTE_D10_TP50,iron_condor,1,0.1,30,2025-04-04,2025-04-07,2025-04-07,expiry,3,5074.080078125,4895,4865,5265,5295,465.17,2534.83,462.57,99.44,18.25,1,0.0,0.0,45.31,46.98,1.67,5844.11,5760.3,0.0,0.0,5062.25,-0.2331,3.5293,3.7627,4,4,2025,-2,BEAR,0.0,2,WIN
IC3_1DTE_D10_TP50,iron_condor,1,0.1,30,2025-04-07,2025-04-09,2025-04-09,expiry,2,5062.25,4805,4775,5350,5380,489.07,2510.93,-2513.53,-513.94,-100.1,0,98.26,0.0,46.98,33.62,-13.36,5823.33,5758.17,0.0,0.0,5456.9,7.7959,5.0817,5.6842,0,4,2025,-2,BEAR,0.0,3,LOSS
IC6_3DTE_D12_TP40,iron_condor,3,0.12,30,2025-04-07,2025-04-09,2025-04-10,stop_loss,2,5062.25,4775,4745,5385,5415,617.19,2382.81,-1493.9,-242.05,-62.69,0,0.0,-1448.7,46.98,33.62,-13.36,5823.33,5758.17,0.0,0.0,5456.9,7.7959,5.6744,6.3756,0,4,2025,-2,BEAR,0.0,3,LOSS
IC3_1DTE_D10_TP50,iron_condor,1,0.1,30,2025-04-07,2025-04-08,2025-04-08,expiry,1,5062.25,4875,4845,5260,5290,460.89,2539.11,458.29,99.44,18.05,1,0.0,0.0,46.98,52.33,5.35,5823.33,5758.17,0.0,0.0,4982.77,-1.5701,3.6989,3.9064,0,4,2025,-2,BEAR,0.0,3,WIN
IC3_1DTE_D10_TP50,iron_condor,1,0.1,30,2025-04-08,2025-04-09,2025-04-11,stop_loss,1,4982.77001953125,4640,4610,5375,5405,502.47,2497.53,-1518.78,-302.26,-60.81,0,0.0,-1473.58,52.33,33.62,-18.71,5802.74,5755.72,0.0,0.0,5456.9,9.5154,6.8791,7.8717,1,4,2025,-2,BEAR,0.0,4,LOSS
IC9_7DTE_D12_TP30,iron_condor,7,0.12,50,2025-04-09,2025-04-14,2025-04-18,profit_target,5,5456.89990234375,5125,5075,5845,5895,1011.88,3988.12,542.22,53.59,13.6,1,587.42,-731.07,33.62,30.89,-2.73,5790.53,5755.68,0.0,0.0,5405.97,-0.9333,6.0822,7.1121,2,4,2025,-2,BEAR,0.0,5,WIN
IC3_1DTE_D10_TP50,iron_condor,1,0.1,30,2025-04-11,2025-04-14,2025-04-14,expiry,3,5363.35986328125,5205,5175,5530,5560,449.13,2550.87,446.53,99.42,17.5,1,0.0,0.0,37.56,30.89,-6.67,5760.95,5754.26,0.0,0.0,5405.97,0.7945,2.9526,3.107,4,4,2025,-2,BEAR,0.0,7,WIN
IC3_1DTE_D10_TP50,iron_condor,1,0.1,30,2025-04-14,2025-04-15,2025-04-15,expiry,1,5405.97021484375,5275,5245,5545,5575,426.56,2573.44,423.96,99.39,16.47,1,0.0,0.0,30.89,30.12,-0.77,5748.25,5753.9,0.0,0.0,5396.63,-0.1728,2.4227,2.5718,0,4,2025,-2,BEAR,0.0,8,WIN
IC3_1DTE_D10_TP50,iron_condor,1,0.1,30,2025-04-14,2025-04-17,2025-04-17,expiry,3,5405.97021484375,5185,5155,5650,5680,486.66,2513.34,484.06,99.47,19.26,1,214.66,-4.33,30.89,29.65,-1.24,5748.25,5753.9,0.0,0.0,5282.7,-2.2803,4.0875,4.5141,0,4,2025,-2,BEAR,0.0,8,WIN
IC3_1DTE_D10_TP50,iron_condor,1,0.1,30,2025-04-21,2025-04-24,2025-04-24,expiry,3,5158.2001953125,4925,4895,5415,5445,479.3,2520.7,-2523.3,-526.45,-100.1,0,0.0,-389.13,33.82,26.47,-7.35,5686.97,5749.82,0.0,0.0,5484.77,6.3311,4.521,4.9785,0,4,2025,-3,BEAR,0.0,12,LOSS
IC6_3DTE_D12_TP40,iron_condor,3,0.12,30,2025-04-21,2025-04-24,2025-04-24,expiry,3,5158.2001953125,4945,4915,5395,5425,586.05,2413.95,-2416.55,-412.35,-100.11,0,0.0,-503.63,33.82,26.47,-7.35,5686.97,5749.82,0.0,0.0,5484.77,6.3311,4.1332,4.5907,0,4,2025,-3,BEAR,0.0,12,LOSS
IC3_1DTE_D10_TP50,iron_condor,1,0.1,30,2025-04-22,2025-04-25,2025-04-25,expiry,3,5287.759765625,5070,5040,5525,5555,470.47,2529.53,446.88,94.98,17.67,1,91.52,-357.5,30.57,24.84,-5.73,5672.2,5748.58,0.0,0.0,5525.21,4.4906,4.1182,4.4866,1,4,2025,-3,BEAR,0.0,13,WIN
IC6_3DTE_D12_TP40,iron_condor,3,0.12,30,2025-04-23,2025-04-28,2025-04-28,expiry,5,5375.85986328125,5190,5160,5580,5610,588.28,2411.72,585.68,99.56,24.28,1,0.0,-53.0,28.45,25.15,-3.3,5658.39,5747.62,0.0,0.0,5528.75,2.844,3.4573,3.7973,2,4,2025,-3,BEAR,0.0,14,WIN
IC3_1DTE_D10_TP50,iron_condor,1,0.1,30,2025-05-05,2025-05-07,2025-05-07,expiry,2,5650.3798828125,5505,5475,5810,5840,442.68,2557.32,440.08,99.41,17.21,1,154.16,0.0,23.64,23.55,-0.09,5575.5,5746.32,1.0,0.0,5631.28,-0.338,2.5729,2.8249,0,5,2025,0,CAUTION,0.25,1,WIN
IC3_1DTE_D10_TP50,iron_condor,1,0.1,30,2025-05-09,2025-05-12,2025-05-12,expiry,3,5659.91015625,5560,5530,5765,5795,364.59,2635.41,-2638.01,-723.56,-100.1,0,0.0,0.0,21.9,18.39,-3.51,5551.62,5748.28,1.0,0.0,5844.19,3.2559,1.7652,1.8567,4,5,2025,2,CAUTION,0.25,5,LOSS
IC3_1DTE_D10_TP50,iron_condor,1,0.1,30,2025-10-06,2025-10-08,2025-10-08,expiry,2,6740.27978515625,6620,6590,6870,6900,428.53,2571.47,425.93,99.39,16.56,1,200.78,0.0,16.37,16.3,-0.07,6503.96,6034.33,1.0,1.0,6753.72,0.1994,1.7845,1.9246,0,10,2025,5,BULL,1.0,7,WIN
IC6_3DTE_D12_TP40,iron_condor,3,0.12,30,2025-10-08,2025-10-10,2025-10-13,stop_loss,2,6753.72021484375,6620,6590,6900,6930,554.94,2445.06,-1641.34,-295.77,-67.13,0,174.24,-1596.14,16.3,21.66,5.36,6518.11,6042.06,1.0,1.0,6552.51,-2.9793,1.9799,2.1659,2,10,2025,4,NEUTRAL,1.0,2,LOSS
IC3_1DTE_D10_TP50,iron_condor,1,0.1,30,2025-11-11,2025-11-14,2025-11-14,expiry,3,6846.60986328125,6690,6660,7020,7050,453.76,2546.24,451.16,99.43,17.72,1,173.94,-231.35,17.28,19.83,2.55,6686.35,6137.75,1.0,1.0,6734.11,-1.6431,2.2874,2.5325,1,11,2025,4,NEUTRAL,1.0,26,WIN
IC6_3DTE_D12_TP40,iron_condor,3,0.12,30,2025-11-12,2025-11-17,2025-11-17,expiry,5,6850.919921875,6705,6675,7010,7040,565.65,2434.35,-2436.95,-430.82,-100.11,0,0.0,-487.37,17.51,22.38,4.87,6694.41,6141.66,1.0,1.0,6672.41,-2.6056,2.1299,2.322,2,11,2025,4,NEUTRAL,1.0,27,LOSS
IC9_7DTE_D12_TP30,iron_condor,7,0.12,50,2025-11-12,2025-11-18,2025-11-21,stop_loss,6,6850.919921875,6630,6580,7105,7155,915.39,4084.61,-1488.44,-162.6,-36.44,0,0.0,-1443.24,17.51,24.69,7.18,6694.41,6141.66,1.0,1.0,6617.32,-3.4098,3.2247,3.7087,2,11,2025,4,NEUTRAL,1.0,27,LOSS
IC6_3DTE_D12_TP40,iron_condor,3,0.12,30,2025-11-14,2025-11-19,2025-11-19,expiry,5,6734.10986328125,6570,6540,6915,6945,558.11,2441.89,555.51,99.53,22.75,1,0.0,-258.02,19.83,23.66,3.83,6704.17,6148.47,1.0,1.0,6642.16,-1.3654,2.437,2.6862,4,11,2025,5,NEUTRAL,1.0,29,WIN
